,Customer_ID,Age,AnnualIncome,Account_Balance,CreditScore,Tenure,City,Segment,Channel,datetime,Active,RiskLevel,MonthlySpend,Transactions,SatisfactionScore,Income_Lakhs,MonthlyIncome,Income_After_Spending,Balance_Income_Ratio
0,101317,55,44033,44033,772,3,Bangalore,SME,Agent,2022-08-15 00:00:00,Yes,Low,23066,135,3.1,0.44033,3669.4166666666665,-19396.583333333332,1.0
1,101001,32,215546,215546,374,8,Delhi,Retail,Agent,2025-01-11 00:00:00,Yes,High,24646,106,8.2,2.15546,17962.166666666668,-6683.833333333332,1.0
2,101069,23,226403,226403,668,12,Chennai,Premium,Agent,2024-08-01 00:00:00,No,Medium,28536,146,6.3,2.26403,18866.916666666668,-9669.083333333332,1.0
3,101968,66,87824,87824,315,14,Mumbai,Premium,Agent,2021-05-15 00:00:00,Yes,High,12869,115,9.7,0.87824,7318.666666666667,-5550.333333333333,1.0
4,100530,67,31570,31570,370,4,bangalore,Retail,Agent,2026-02-03 00:00:00,No,High,34163,94,3.7,0.3157,2630.8333333333335,-31532.166666666668,1.0
5,101334,68,37087,37087,738,1,Chennai,Premium,Agent,2023-06-04 00:00:00,Yes,Low,15121,6,8.5,0.37087,3090.5833333333335,-12030.416666666666,1.0
6,100415,47,67229,67229,464,4,Chennai,Retail,Online,2024-01-16 00:00:00,Yes,High,17655,31,2.8,0.67229,5602.416666666667,-12052.583333333332,1.0
7,100983,65,139999,139999,554,15,Kolkata,SME,Agent,2024-06-26 00:00:00,Yes,Medium,1720,139,9.7,1.39999,11666.583333333334,9946.583333333334,1.0
8,100417,63,153267,153267,508,5,Hyderabad,Premium,Mobile,2025-03-12 00:00:00,Yes,High,38043,76,7.1,1.53267,12772.25,-25270.75,1.0
9,101472,42,139999,139999,556,3,Kolkata,Corporate,Mobile,2021-10-07 00:00:00,Yes,Medium,11472,124,9.1,1.39999,11666.583333333334,194.58333333333394,1.0
10,101525,47,178741,178741,341,1,Hyderabad,Retail,Mobile,2023-03-02 00:00:00,Yes,High,24646,78,5.6,1.78741,14895.083333333334,-9750.916666666666,1.0
11,101576,25,93673,93673,477,13,Bangalore,Premium,Online,2025-11-22 00:00:00,Yes,High,24777,56,8.1,0.93673,7806.083333333333,-16970.916666666668,1.0
12,100252,66,108309,108309,643,10,Chennai,Corporate,Mobile,2021-06-25 00:00:00,No,Medium,9746,15,3.9,1.08309,9025.75,-720.25,1.0
13,101622,22,106816,106816,542,4,Kolkata,Premium,Mobile,2025-11-19 00:00:00,Yes,High,32337,66,3.1,1.06816,8901.333333333334,-23435.666666666664,1.0
14,100071,52,139999,139999,443,13,,Premium,Branch,2025-08-26 00:00:00,Yes,High,48482,18,9.1,1.39999,11666.583333333334,-36815.416666666664,1.0
15,101107,45,53671,53671,693,4,Pune,SME,Agent,2024-05-05 00:00:00,No,Medium,49870,31,4.4,0.53671,4472.583333333333,-45397.416666666664,1.0
16,101363,27,192132,192132,746,12,Kolkata,SME,Agent,2022-01-07 00:00:00,No,Low,7111,110,9.1,1.92132,16011.0,8900.0,1.0
17,100351,53,108186,108186,314,0,Hyderabad,Corporate,Mobile,2022-05-25 00:00:00,,High,24056,121,9.2,1.08186,9015.5,-15040.5,1.0
18,101392,53,193933,193933,315,9,,Retail,Agent,2022-10-07 00:00:00,Yes,High,32432,95,9.3,1.93933,16161.083333333334,-16270.916666666666,1.0
19,101088,64,175949,175949,701,1,Hyderabad,Premium,Agent,2023-08-10 00:00:00,No,Low,19941,118,7.5,1.75949,14662.416666666666,-5278.583333333334,1.0
20,100066,64,158541,158541,725,4,Mumbai,SME,Agent,,Yes,Low,21272,43,4.4,1.58541,13211.75,-8060.25,1.0
21,100980,47,103213,103213,760,8,Bangalore,Corporate,Branch,2022-02-13 00:00:00,No,Low,2808,64,9.6,1.03213,8601.083333333334,5793.083333333334,1.0
22,100125,34,206264,206264,311,14,Hyderabad,SME,Online,2025-04-23 00:00:00,Yes,High,37670,128,9.8,2.06264,17188.666666666668,-20481.333333333332,1.0
23,101269,55,185811,185811,762,9,Delhi,SME,Agent,2021-11-17 00:00:00,No,Low,13856,57,9.6,1.85811,15484.25,1628.25,1.0
24,101682,53,154951,154951,397,7,Pune,Retail,Agent,2025-03-06 00:00:00,Yes,High,3974,132,6.1,1.54951,12912.583333333334,8938.583333333334,1.0
25,101316,68,133777,133777,355,9,Chennai,SME,Branch,2026-03-02 00:00:00,Yes,High,11725,74,6.6,1.33777,11148.083333333334,-576.9166666666661,1.0
26,100544,40,160542,160542,597,2,Kolkata,Retail,Agent,2022-06-21 00:00:00,Yes,Medium,20975,18,8.9,1.60542,13378.5,-7596.5,1.0
27,100874,47,116878,116878,674,1,Kolkata,Corporate,Mobile,2023-04-30 00:00:00,NO,Medium,5694,75,5.595907928388747,1.16878,9739.833333333334,4045.833333333334,1.0
28,101492,70,206129,206129,747,13,Bangalore,Retail,Online,2024-09-13 00:00:00,Yes,Low,33012,129,6.6,2.06129,17177.416666666668,-15834.583333333332,1.0
29,101944,73,51649,51649,485,11,Hyderabad,Retail,Online,2025-11-11 00:00:00,,High,5388,45,2.0,0.51649,4304.083333333333,-1083.916666666667,1.0
30,101621,64,125417,125417,487,10,Pune,Retail,Agent,2024-06-02 00:00:00,Yes,High,15808,80,8.2,1.25417,10451.416666666666,-5356.583333333334,1.0
31,100375,65,104561,104561,433,1,Delhi,Corporate,Branch,2021-01-31 00:00:00,Yes,High,12395,14,5.7,1.04561,8713.416666666666,-3681.583333333334,1.0
32,101248,23,170643,170643,503,3,Hyderabad,SME,Agent,2024-04-20 00:00:00,No,High,18854,76,6.5,1.70643,14220.25,-4633.75,1.0
33,100213,18,139999,139999,524,14,Hyderabad,Retail,Agent,2025-04-10 00:00:00,No,High,39000,80,5.595907928388747,1.39999,11666.583333333334,-27333.416666666664,1.0
34,100945,27,143947,143947,554,9,Delhi,Retail,Online,2023-08-04 00:00:00,Yes,Medium,42573,16,5.595907928388747,1.43947,11995.583333333334,-30577.416666666664,1.0
35,100325,66,169701,169701,429,9,Mumbai,Corporate,Branch,2023-08-27 00:00:00,No,High,17572,128,3.9,1.69701,14141.75,-3430.25,1.0
36,100030,29,139999,139999,389,3,Chennai,SME,Mobile,2024-12-07 00:00:00,Yes,High,24646,64,1.0,1.39999,11666.583333333334,-12979.416666666666,1.0
37,101836,25,151498,151498,805,3,Delhi,Retail,Agent,2021-07-22 00:00:00,Yes,Low,37514,111,2.9,1.51498,12624.833333333334,-24889.166666666664,1.0
38,100781,18,90108,90108,377,6,Hyderabad,Retail,Online,2024-03-24 00:00:00,Yes,High,18323,78,6.5,0.90108,7509.0,-10814.0,1.0
39,100290,46,239941,239941,820,14,Mumbai,Premium,Branch,2021-05-12 00:00:00,Yes,Low,4394,7,5.0,2.39941,19995.083333333332,15601.083333333332,1.0
40,101264,34,204761,204761,432,8,Chennai,Retail,Branch,2021-11-18 00:00:00,No,High,2794,38,7.9,2.04761,17063.416666666668,14269.416666666668,1.0
41,100496,42,206180,206180,829,6,Bangalore,Retail,Branch,2025-07-11 00:00:00,No,Low,5019,76,5.3,2.0618,17181.666666666668,12162.666666666668,1.0
42,100271,21,64499,64499,845,12,chennai,Premium,Agent,2022-03-10 00:00:00,Yes,Low,42189,98,6.4,0.64499,5374.916666666667,-36814.083333333336,1.0
43,100965,25,56822,56822,661,0,chennai,Premium,Branch,2023-08-22 00:00:00,Yes,Medium,23395,88,5.1,0.56822,4735.166666666667,-18659.833333333332,1.0
44,100353,57,187962,187962,791,7,Pune,Retail,Agent,2022-01-25 00:00:00,No,Low,19727,111,8.0,1.87962,15663.5,-4063.5,1.0
45,100101,33,169059,169059,639,15,Pune,Retail,Mobile,2024-10-04 00:00:00,Yes,Medium,24646,148,6.1,1.69059,14088.25,-10557.75,1.0
46,100737,33,139999,139999,836,7,Hyderabad,Retail,Mobile,2024-09-02 00:00:00,Yes,Low,803,13,9.8,1.39999,11666.583333333334,10863.583333333334,1.0
47,100255,45,131661,131661,452,6,Delhi,Corporate,Branch,2025-07-30 00:00:00,Yes,High,49132,85,9.5,1.31661,10971.75,-38160.25,1.0
48,101423,21,109045,109045,671,9,Bangalore,Retail,Branch,2022-08-13 00:00:00,No,Medium,24646,62,8.1,1.09045,9087.083333333334,-15558.916666666666,1.0
49,100586,29,216648,216648,360,0,Pune,Premium,Branch,2025-11-27 00:00:00,Yes,High,45983,103,6.8,2.16648,18054.0,-27929.0,1.0
50,100553,51,135677,135677,835,6,Bangalore,Premium,Agent,2021-08-18 00:00:00,No,Low,3114,132,5.9,1.35677,11306.416666666666,8192.416666666666,1.0
51,100744,56,135641,135641,456,2,kolkata,Corporate,Online,2023-11-13 00:00:00,No,High,19483,141,9.6,1.35641,11303.416666666666,-8179.583333333334,1.0
52,100057,31,239696,239696,677,2,Bangalore,value,Branch,2022-12-06 00:00:00,YES,Medium,47955,115,7.7,2.39696,19974.666666666668,-27980.333333333332,1.0
53,100394,68,139225,139225,478,15,Pune,Premium,Branch,2022-06-28 00:00:00,Yes,High,17597,84,1.2,1.39225,11602.083333333334,-5994.916666666666,1.0
54,101365,27,172159,172159,831,4,Bangalore,Corporate,Mobile,2023-06-12 00:00:00,No,Low,37462,84,9.9,1.72159,14346.583333333334,-23115.416666666664,1.0
55,100939,20,161728,161728,481,2,pune,Retail,Branch,2021-02-25 00:00:00,Yes,High,47965,14,1.3,1.61728,13477.333333333334,-34487.666666666664,1.0
56,101002,44,139999,139999,341,12,Delhi,Premium,Branch,2021-08-23 00:00:00,No,High,17262,35,7.3,1.39999,11666.583333333334,-5595.416666666666,1.0
57,101024,37,37411,37411,608,9,Mumbai,Corporate,Mobile,2021-07-28 00:00:00,Yes,Medium,35753,17,4.4,0.37411,3117.5833333333335,-32635.416666666668,1.0
58,101713,38,139999,139999,682,12,Kolkata,Retail,Online,2026-01-25 00:00:00,Yes,Medium,24646,50,2.1,1.39999,11666.583333333334,-12979.416666666666,1.0
59,100681,52,206187,206187,728,9,Kolkata,Corporate,Agent,2023-12-01 00:00:00,Yes,High,40965,112,1.2,2.06187,17182.25,-23782.75,1.0
60,101564,45,70232,70232,542,14,pune,Corporate,Branch,2022-11-04 00:00:00,Yes,High,29657,57,9.4,0.70232,5852.666666666667,-23804.333333333332,1.0
61,101524,49,136487,136487,688,5,Hyderabad,Corporate,Branch,2023-02-20 00:00:00,No,Medium,44026,9,3.4,1.36487,11373.916666666666,-32652.083333333336,1.0
62,101898,46,79869,79869,504,15,Bangalore,SME,Branch,2022-07-22 00:00:00,Yes,High,24646,13,5.6,0.79869,6655.75,-17990.25,1.0
63,100614,62,76924,76924,510,1,Bangalore,Premium,Branch,2021-11-23 00:00:00,Yes,High,26310,59,4.4,0.76924,6410.333333333333,-19899.666666666668,1.0
64,100535,73,64062,64062,805,9,Bangalore,value,Online,,Yes,Low,40051,9,4.3,0.64062,5338.5,-34712.5,1.0
65,100308,47,76047,76047,490,1,Mumbai,Retail,Online,2022-11-08 00:00:00,Yes,High,44125,118,2.6,0.76047,6337.25,-37787.75,1.0
66,100969,47,245171,245171,554,14,Pune,Corporate,Branch,2021-04-17 00:00:00,Yes,Medium,18338,140,5.6,2.45171,20430.916666666668,2092.916666666668,1.0
67,101469,58,42069,42069,560,14,Kolkata,Premium,Agent,2023-11-07 00:00:00,Yes,Medium,4691,63,9.4,0.42069,3505.75,-1185.25,1.0
68,101936,21,245460,245460,773,0,bangalore,SME,Online,2023-07-15 00:00:00,Yes,Low,23216,135,4.6,2.4546,20455.0,-2761.0,1.0
69,100549,75,130823,130823,710,15,Hyderabad,Premium,Agent,2024-12-16 00:00:00,Yes,Low,22031,16,2.0,1.30823,10901.916666666666,-11129.083333333334,1.0
70,101126,75,178686,178686,446,14,pune,Premium,Agent,2024-12-28 00:00:00,No,High,45017,29,7.7,1.78686,14890.5,-30126.5,1.0
71,100412,34,54426,54426,422,4,Chennai,SME,Mobile,2021-04-30 00:00:00,No,High,33610,72,5.7,0.54426,4535.5,-29074.5,1.0
72,101407,63,181123,181123,725,1,Pune,Retail,Agent,2021-04-22 00:00:00,No,Low,20009,13,5.3,1.81123,15093.583333333334,-4915.416666666666,1.0
73,101419,29,139999,139999,338,11,Bangalore,Premium,Online,2022-07-01 00:00:00,Yes,High,43147,131,3.1,1.39999,11666.583333333334,-31480.416666666664,1.0
74,101250,73,214013,214013,534,8,Chennai,Corporate,Mobile,2022-09-18 00:00:00,Yes,High,11686,108,1.3,2.14013,17834.416666666668,6148.416666666668,1.0
75,101952,69,218016,218016,829,10,Kolkata,Corporate,Online,2023-09-08 00:00:00,Yes,Low,38451,10,6.0,2.18016,18168.0,-20283.0,1.0
76,100257,40,31154,31154,807,6,Mumbai,Premium,Agent,2025-04-07 00:00:00,Yes,Low,47849,23,9.1,0.31154,2596.1666666666665,-45252.833333333336,1.0
77,101086,74,51035,51035,713,7,,Premium,Online,2022-05-15 00:00:00,Yes,Low,42890,36,5.2,0.51035,4252.916666666667,-38637.083333333336,1.0
78,100731,42,244861,244861,607,0,Hyderabad,Premium,Branch,2022-08-11 00:00:00,Yes,Medium,25818,76,1.5,2.44861,20405.083333333332,-5412.916666666668,1.0
79,101495,66,165905,165905,357,10,Hyderabad,Retail,Online,2021-11-01 00:00:00,Yes,High,16283,22,6.5,1.65905,13825.416666666666,-2457.583333333334,1.0
80,101857,20,232020,232020,547,8,Kolkata,Premium,Agent,2023-01-05 00:00:00,Yes,High,24646,37,2.6,2.3202,19335.0,-5311.0,1.0
81,100345,50,236957,236957,617,3,Delhi,Corporate,Online,2023-04-05 00:00:00,Yes,Medium,2057,63,5.5,2.36957,19746.416666666668,17689.416666666668,1.0
82,101180,38,234112,234112,582,6,Hyderabad,Retail,Mobile,2022-08-30 00:00:00,Yes,Medium,5841,102,5.6,2.34112,19509.333333333332,13668.333333333332,1.0
83,101424,22,141859,141859,822,13,Delhi,Corporate,Branch,2023-06-17 00:00:00,Yes,Low,24646,119,4.7,1.41859,11821.583333333334,-12824.416666666666,1.0
84,101890,49,188834,188834,753,0,Kolkata,Premium,Agent,,YES,Low,17796,147,5.595907928388747,1.88834,15736.166666666666,-2059.833333333334,1.0
85,101186,47,71857,71857,672,1,Bangalore,SME,Mobile,2024-12-21 00:00:00,Yes,Medium,17084,17,8.5,0.71857,5988.083333333333,-11095.916666666668,1.0
86,101478,35,179324,179324,610,9,Kolkata,Corporate,Mobile,2025-10-16 00:00:00,Yes,High,9815,37,3.9,1.79324,14943.666666666666,5128.666666666666,1.0
87,101994,30,212116,212116,570,15,Delhi,Retail,Mobile,2024-02-04 00:00:00,Yes,Low,38054,101,5.9,2.12116,17676.333333333332,-20377.666666666668,1.0
88,101780,47,112969,112969,398,10,Bangalore,SME,Online,2024-10-08 00:00:00,Yes,High,21240,80,7.6,1.12969,9414.083333333334,-11825.916666666666,1.0
89,100300,24,100897,100897,378,13,Mumbai,SME,Mobile,2024-12-20 00:00:00,Yes,High,24578,75,4.4,1.00897,8408.083333333334,-16169.916666666666,1.0
90,101119,64,32099,32099,444,7,Mumbai,Retail,Agent,2023-09-28 00:00:00,No,High,24085,24,5.595907928388747,0.32099,2674.9166666666665,-21410.083333333332,1.0
91,101926,65,97692,97692,579,9,Pune,value,Branch,2021-08-21 00:00:00,Yes,Medium,16309,33,1.9,0.97692,8141.0,-8168.0,1.0
92,101300,22,120081,120081,437,2,Delhi,SME,Online,2022-04-06 00:00:00,Yes,High,17677,76,5.4,1.20081,10006.75,-7670.25,1.0
93,100070,64,73874,73874,384,1,Bangalore,Retail,Online,2022-08-24 00:00:00,Yes,High,21869,48,2.0,0.73874,6156.166666666667,-15712.833333333332,1.0
94,101568,46,234093,234093,598,5,Bangalore,SME,Branch,2023-12-29 00:00:00,No,Medium,32808,112,9.5,2.34093,19507.75,-13300.25,1.0
95,100573,54,104134,104134,770,7,hyderabad,Premium,Mobile,2025-10-29 00:00:00,Yes,Low,30755,121,5.9,1.04134,8677.833333333334,-22077.166666666664,1.0
96,101884,51,153202,153202,554,6,,SME,Branch,2024-02-10 00:00:00,Yes,Medium,35388,74,1.8,1.53202,12766.833333333334,-22621.166666666664,1.0
97,101152,62,184210,184210,536,11,Hyderabad,Premium,Branch,,No,High,18587,90,2.5,1.8421,15350.833333333334,-3236.166666666666,1.0
98,101477,24,70603,70603,507,3,Pune,Retail,Branch,2025-06-06 00:00:00,No,High,40479,20,5.6,0.70603,5883.583333333333,-34595.416666666664,1.0
99,100880,44,221133,221133,570,12,Hyderabad,SME,Mobile,2021-05-08 00:00:00,No,Medium,33578,6,9.1,2.21133,18427.75,-15150.25,1.0
100,101768,60,162488,162488,570,1,Mumbai,Premium,Agent,,Yes,Medium,48286,100,4.0,1.62488,13540.666666666666,-34745.333333333336,1.0
101,100819,73,226659,226659,566,3,Mumbai,Corporate,Online,2024-02-19 00:00:00,Yes,Medium,33884,15,9.6,2.26659,18888.25,-14995.75,1.0
102,100481,25,80204,80204,689,6,Pune,Premium,Agent,2021-09-29 00:00:00,No,Medium,16696,75,2.4,0.80204,6683.666666666667,-10012.333333333332,1.0
103,100100,47,228617,228617,421,11,,SME,Online,2022-03-06 00:00:00,,High,32979,112,3.4,2.28617,19051.416666666668,-13927.583333333332,1.0
104,100608,36,42772,42772,639,9,Hyderabad,SME,Online,2024-10-03 00:00:00,No,Medium,23669,86,1.4,0.42772,3564.3333333333335,-20104.666666666668,1.0
105,100742,59,152834,152834,741,2,Delhi,Premium,Mobile,2024-10-15 00:00:00,No,Low,4209,140,5.4,1.52834,12736.166666666666,8527.166666666666,1.0
106,101631,37,43658,43658,794,3,Pune,SME,Branch,2022-04-21 00:00:00,Yes,Low,23576,9,6.9,0.43658,3638.1666666666665,-19937.833333333332,1.0
107,101665,71,105257,105257,471,14,Bangalore,Retail,Mobile,2023-02-21 00:00:00,No,High,37455,120,5.1,1.05257,8771.416666666666,-28683.583333333336,1.0
108,100562,33,49089,49089,712,10,Pune,Corporate,Agent,2023-01-27 00:00:00,Yes,Low,15240,40,3.8,0.49089,4090.75,-11149.25,1.0
109,100112,32,169353,169353,570,2,,Corporate,Branch,2022-05-17 00:00:00,No,Medium,31838,71,3.2,1.69353,14112.75,-17725.25,1.0
110,101023,34,123723,123723,820,2,Bangalore,Premium,Agent,2022-05-13 00:00:00,Yes,Low,30264,136,1.8,1.23723,10310.25,-19953.75,1.0
111,100240,66,154749,154749,433,11,Kolkata,Retail,Mobile,2021-08-18 00:00:00,Yes,High,40317,47,9.7,1.54749,12895.75,-27421.25,1.0
112,101212,47,63714,63714,510,13,hyderabad,Retail,Branch,2025-10-31 00:00:00,Yes,High,18374,144,5.595907928388747,0.63714,5309.5,-13064.5,1.0
113,100129,50,139999,139999,667,13,Pune,Corporate,Online,2025-08-11 00:00:00,No,Medium,45092,115,8.7,1.39999,11666.583333333334,-33425.416666666664,1.0
114,101972,23,241997,241997,527,1,Hyderabad,Premium,Online,2024-07-20 00:00:00,Yes,High,22354,77,6.6,2.41997,20166.416666666668,-2187.583333333332,1.0
115,101950,42,114906,114906,745,7,Hyderabad,Corporate,Branch,2021-03-05 00:00:00,Yes,Low,24646,109,1.5,1.14906,9575.5,-15070.5,1.0
116,100508,60,139999,139999,460,11,Mumbai,Corporate,Branch,2022-06-26 00:00:00,Yes,High,11060,62,4.8,1.39999,11666.583333333334,606.5833333333339,1.0
117,101905,64,60292,60292,460,12,Pune,Premium,Branch,2021-12-24 00:00:00,Yes,High,41708,24,6.2,0.60292,5024.333333333333,-36683.666666666664,1.0
118,101259,19,169129,169129,516,9,Bangalore,Retail,Online,,Yes,High,29836,38,1.8,1.69129,14094.083333333334,-15741.916666666666,1.0
119,101960,62,55795,55795,822,3,Kolkata,Corporate,Online,,Yes,Low,3051,90,5.595907928388747,0.55795,4649.583333333333,1598.583333333333,1.0
120,100707,42,139999,139999,431,15,Hyderabad,Premium,Online,2024-09-27 00:00:00,Yes,High,44710,71,4.1,1.39999,11666.583333333334,-33043.416666666664,1.0
121,101826,39,139999,139999,650,7,Kolkata,Retail,Branch,2024-11-27 00:00:00,,Medium,29851,5,5.0,1.39999,11666.583333333334,-18184.416666666664,1.0
122,101672,46,139999,139999,728,12,Hyderabad,SME,Online,2021-02-14 00:00:00,,Low,12699,19,4.1,1.39999,11666.583333333334,-1032.416666666666,1.0
123,100520,49,157311,157311,317,8,Delhi,Corporate,Mobile,2022-12-04 00:00:00,Yes,High,36026,32,1.3,1.57311,13109.25,-22916.75,1.0
124,100987,54,228218,228218,599,1,Hyderabad,Corporate,Agent,2023-08-28 00:00:00,No,Medium,34834,86,2.8,2.28218,19018.166666666668,-15815.833333333332,1.0
125,100941,40,99520,99520,638,1,Delhi,Retail,Online,2024-08-09 00:00:00,NO,Medium,18509,36,7.0,0.9952,8293.333333333334,-10215.666666666666,1.0
126,101827,75,239369,239369,598,6,Mumbai,Premium,Mobile,,Yes,Medium,6476,123,6.5,2.39369,19947.416666666668,13471.416666666668,1.0
127,100904,67,115517,115517,588,6,Bangalore,SME,Agent,2023-05-09 00:00:00,No,Medium,12452,103,5.7,1.15517,9626.416666666666,-2825.583333333334,1.0
128,101108,40,147811,147811,821,7,Pune,Premium,Online,2024-12-07 00:00:00,No,Low,43695,36,7.7,1.47811,12317.583333333334,-31377.416666666664,1.0
129,101064,35,209492,209492,751,2,Delhi,Retail,Agent,2024-08-25 00:00:00,No,Low,25254,19,5.4,2.09492,17457.666666666668,-7796.333333333332,1.0
130,100965,25,56822,56822,661,0,chennai,Premium,Branch,2023-08-22 00:00:00,Yes,Medium,23395,88,5.1,0.56822,4735.166666666667,-18659.833333333332,1.0
131,100367,33,231789,231789,472,1,Bangalore,Premium,Online,2025-10-31 00:00:00,No,High,7201,146,4.1,2.31789,19315.75,12114.75,1.0
132,101422,65,186326,186326,328,10,Mumbai,Corporate,Mobile,,Yes,High,24646,52,8.9,1.86326,15527.166666666666,-9118.833333333334,1.0
133,100675,74,70379,70379,400,10,Hyderabad,Retail,Branch,2022-01-25 00:00:00,Yes,High,18239,3,9.8,0.70379,5864.916666666667,-12374.083333333332,1.0
134,101813,43,78798,78798,596,10,Hyderabad,Retail,Agent,2022-09-16 00:00:00,Yes,Medium,23947,111,1.2,0.78798,6566.5,-17380.5,1.0
135,101513,57,149302,149302,313,1,Hyderabad,Premium,Online,2022-04-24 00:00:00,Yes,High,48897,4,2.3,1.49302,12441.833333333334,-36455.166666666664,1.0
136,100597,40,139044,139044,751,3,Hyderabad,Premium,Agent,2021-12-29 00:00:00,No,Low,44261,132,6.5,1.39044,11587.0,-32674.0,1.0
137,101197,57,94519,94519,606,12,chennai,Retail,Branch,2025-11-14 00:00:00,Yes,Medium,29023,149,9.7,0.94519,7876.583333333333,-21146.416666666668,1.0
138,101527,66,176716,176716,357,10,Delhi,Retail,Mobile,2025-06-11 00:00:00,Yes,High,28654,146,6.4,1.76716,14726.333333333334,-13927.666666666666,1.0
139,100465,46,227332,227332,656,6,Delhi,Corporate,Online,2024-08-14 00:00:00,Yes,Medium,6078,123,7.0,2.27332,18944.333333333332,12866.333333333332,1.0
140,101677,28,150147,150147,760,15,Mumbai,Retail,Online,2021-01-17 00:00:00,No,High,2281,73,7.5,1.50147,12512.25,10231.25,1.0
141,101803,54,227978,227978,671,9,,SME,Branch,2023-08-09 00:00:00,No,Medium,29640,119,2.7,2.27978,18998.166666666668,-10641.833333333332,1.0
142,101053,49,161614,161614,681,12,Pune,Retail,Mobile,2023-01-12 00:00:00,NO,Medium,41850,39,1.2,1.61614,13467.833333333334,-28382.166666666664,1.0
143,101975,71,249977,249977,582,6,Hyderabad,Premium,Online,2024-12-29 00:00:00,Yes,Medium,27202,32,3.8,2.49977,20831.416666666668,-6370.583333333332,1.0
144,100486,68,248536,248536,464,9,Delhi,SME,Agent,2022-05-16 00:00:00,No,High,24646,110,7.1,2.48536,20711.333333333332,-3934.666666666668,1.0
145,100916,28,59594,59594,735,8,Pune,Corporate,Agent,2023-06-12 00:00:00,Yes,Low,20085,8,9.8,0.59594,4966.166666666667,-15118.833333333332,1.0
146,100129,50,139999,139999,667,13,Pune,Corporate,Online,2025-08-11 00:00:00,No,Medium,45092,115,8.7,1.39999,11666.583333333334,-33425.416666666664,1.0
147,100679,26,71413,71413,465,1,Pune,Corporate,Branch,2023-06-13 00:00:00,No,High,40134,52,3.9,0.71413,5951.083333333333,-34182.916666666664,1.0
148,100830,47,99069,99069,468,11,Hyderabad,Corporate,Branch,2023-05-24 00:00:00,No,High,14009,126,5.9,0.99069,8255.75,-5753.25,1.0
149,100923,30,208362,208362,460,7,Mumbai,SME,Branch,2025-06-23 00:00:00,Yes,High,42163,1,8.5,2.08362,17363.5,-24799.5,1.0
150,101113,43,139999,139999,691,3,,Retail,Branch,2023-11-25 00:00:00,Yes,High,18930,44,9.1,1.39999,11666.583333333334,-7263.416666666666,1.0
151,100619,72,125494,125494,709,11,Mumbai,Retail,Mobile,2025-11-22 00:00:00,Yes,Low,24646,23,4.3,1.25494,10457.833333333334,-14188.166666666666,1.0
152,100772,19,82993,82993,553,8,Bangalore,Corporate,Branch,2023-09-01 00:00:00,No,Medium,47687,37,8.1,0.82993,6916.083333333333,-40770.916666666664,1.0
153,101287,18,126604,126604,625,11,Chennai,Corporate,Agent,2022-04-24 00:00:00,,Medium,40097,138,9.7,1.26604,10550.333333333334,-29546.666666666664,1.0
154,101545,47,185372,185372,511,13,Pune,Premium,Agent,2023-07-25 00:00:00,No,High,42680,89,9.5,1.85372,15447.666666666666,-27232.333333333336,1.0
155,100594,50,222096,222096,626,4,Kolkata,Corporate,Branch,2021-11-29 00:00:00,Yes,Medium,22761,127,9.1,2.22096,18508.0,-4253.0,1.0
156,100116,24,182732,182732,707,9,Pune,Corporate,Mobile,2022-07-07 00:00:00,No,Low,24646,83,6.1,1.82732,15227.666666666666,-9418.333333333334,1.0
157,100768,26,189827,189827,386,4,Mumbai,Corporate,Branch,2021-10-29 00:00:00,Yes,High,21006,145,8.5,1.89827,15818.916666666666,-5187.083333333334,1.0
158,101858,54,204526,204526,601,11,Delhi,Corporate,Branch,2021-05-05 00:00:00,Yes,High,40940,24,4.2,2.04526,17043.833333333332,-23896.166666666668,1.0
159,100901,27,139999,139999,776,12,Hyderabad,SME,Online,2025-10-14 00:00:00,Yes,Low,2738,131,9.1,1.39999,11666.583333333334,8928.583333333334,1.0
160,101947,28,238397,238397,658,2,Chennai,SME,Branch,2022-09-10 00:00:00,Yes,Medium,38337,63,8.3,2.38397,19866.416666666668,-18470.583333333332,1.0
161,101441,47,217402,217402,580,14,Kolkata,Retail,Mobile,2021-07-10 00:00:00,Yes,High,24646,146,4.1,2.17402,18116.833333333332,-6529.166666666668,1.0
162,101791,72,53795,53795,525,14,Pune,Corporate,Agent,2021-02-21 00:00:00,Yes,High,8063,2,8.3,0.53795,4482.916666666667,-3580.083333333333,1.0
163,100889,65,240400,240400,317,14,Mumbai,Retail,Mobile,2021-02-10 00:00:00,No,High,3791,99,3.6,2.404,20033.333333333332,16242.333333333332,1.0
164,100212,50,224988,224988,762,6,Mumbai,Retail,Mobile,2023-10-23 00:00:00,No,Low,49510,67,5.0,2.24988,18749.0,-30761.0,1.0
165,100451,40,92649,92649,535,0,hyderabad,SME,Agent,2024-04-10 00:00:00,Yes,High,13314,16,3.3,0.92649,7720.75,-5593.25,1.0
166,101177,50,182261,182261,614,0,Chennai,Retail,Agent,2021-07-25 00:00:00,Yes,Medium,38832,14,3.1,1.82261,15188.416666666666,-23643.583333333336,1.0
167,100706,65,88646,88646,456,3,Bangalore,Premium,Mobile,2022-09-26 00:00:00,Yes,High,48676,49,6.6,0.88646,7387.166666666667,-41288.833333333336,1.0
168,101286,52,81447,81447,377,6,Delhi,Premium,Branch,2024-11-08 00:00:00,No,High,19055,144,1.2,0.81447,6787.25,-12267.75,1.0
169,101095,53,28191,28191,599,4,Bangalore,Retail,Mobile,2023-10-10 00:00:00,Yes,Medium,22096,119,6.1,0.28191,2349.25,-19746.75,1.0
170,100211,56,192516,192516,790,7,Delhi,Corporate,Agent,2022-06-24 00:00:00,Yes,Low,38230,101,9.2,1.92516,16043.0,-22187.0,1.0
171,100121,25,108807,108807,790,0,Mumbai,SME,Branch,2022-03-26 00:00:00,No,Low,20132,123,6.4,1.08807,9067.25,-11064.75,1.0
172,101376,73,41029,41029,634,0,Hyderabad,Retail,Agent,,No,Medium,25113,118,5.0,0.41029,3419.0833333333335,-21693.916666666668,1.0
173,101641,47,162924,162924,569,6,Delhi,Corporate,Online,2023-08-11 00:00:00,Yes,Medium,42073,134,4.3,1.62924,13577.0,-28496.0,1.0
174,101714,45,172226,172226,461,13,Kolkata,value,Mobile,2024-07-09 00:00:00,Yes,High,38576,64,6.3,1.72226,14352.166666666666,-24223.833333333336,1.0
175,100298,37,179470,179470,546,9,Mumbai,Retail,Mobile,2021-01-15 00:00:00,,High,32325,114,7.1,1.7947,14955.833333333334,-17369.166666666664,1.0
176,100788,21,80754,80754,577,14,Chennai,Retail,Branch,,No,High,31904,83,5.7,0.80754,6729.5,-25174.5,1.0
177,100136,24,193639,193639,489,1,Mumbai,Corporate,Online,2022-03-09 00:00:00,Yes,High,37907,32,5.2,1.93639,16136.583333333334,-21770.416666666664,1.0
178,100484,31,40563,40563,747,6,Mumbai,Retail,Online,,Yes,Low,13302,60,1.7,0.40563,3380.25,-9921.75,1.0
179,101934,74,74879,74879,827,0,Bangalore,SME,Agent,2024-04-30 00:00:00,Yes,Low,28313,6,5.3,0.74879,6239.916666666667,-22073.083333333332,1.0
180,100299,49,75861,75861,560,2,,Retail,Branch,2021-05-26 00:00:00,Yes,Medium,43125,92,4.0,0.75861,6321.75,-36803.25,1.0
181,100395,71,141400,141400,411,14,Kolkata,SME,Online,2026-03-13 00:00:00,Yes,High,20846,73,4.5,1.414,11783.333333333334,-9062.666666666666,1.0
182,101165,59,134787,134787,497,15,Pune,SME,Branch,2022-01-15 00:00:00,No,High,23242,3,9.6,1.34787,11232.25,-12009.75,1.0
183,101345,46,223436,223436,419,11,Delhi,Premium,Online,2024-03-24 00:00:00,No,High,20839,76,7.5,2.23436,18619.666666666668,-2219.333333333332,1.0
184,100803,30,136335,136335,368,1,Chennai,Premium,Branch,2025-07-05 00:00:00,No,High,29171,94,7.5,1.36335,11361.25,-17809.75,1.0
185,100985,40,85545,85545,635,8,Hyderabad,SME,Online,2022-05-04 00:00:00,Yes,Medium,46658,67,5.2,0.85545,7128.75,-39529.25,1.0
186,100110,58,243344,243344,633,8,Pune,SME,Agent,2023-12-30 00:00:00,No,Medium,38853,79,6.0,2.43344,20278.666666666668,-18574.333333333332,1.0
187,100991,28,67913,67913,820,11,Delhi,Premium,Branch,2022-03-23 00:00:00,No,High,5466,93,7.9,0.67913,5659.416666666667,193.41666666666697,1.0
188,100620,19,165180,165180,760,10,chennai,Premium,Agent,2021-03-21 00:00:00,Yes,Low,35779,30,4.4,1.6518,13765.0,-22014.0,1.0
189,100555,71,203486,203486,730,6,Mumbai,Corporate,Online,2025-12-14 00:00:00,Yes,Low,41334,123,5.595907928388747,2.03486,16957.166666666668,-24376.833333333332,1.0
190,100423,41,44975,44975,745,3,Mumbai,value,Online,2023-10-27 00:00:00,Yes,Low,3057,32,2.6,0.44975,3747.9166666666665,690.9166666666665,1.0
191,100760,61,42014,42014,367,9,Bangalore,SME,Agent,2025-08-04 00:00:00,Yes,High,28494,79,6.2,0.42014,3501.1666666666665,-24992.833333333332,1.0
192,100600,71,139999,139999,626,11,Hyderabad,Retail,Online,2021-02-20 00:00:00,No,Medium,11640,115,3.9,1.39999,11666.583333333334,26.58333333333394,1.0
193,101010,32,122359,122359,606,7,Mumbai,Corporate,Mobile,2022-10-01 00:00:00,Yes,Medium,37465,71,8.1,1.22359,10196.583333333334,-27268.416666666664,1.0
194,100234,49,207099,207099,700,1,,Retail,Online,2026-02-25 00:00:00,Yes,Low,37071,73,10.0,2.07099,17258.25,-19812.75,1.0
195,101489,24,44675,44675,832,12,Kolkata,Premium,Online,2025-09-12 00:00:00,Yes,Low,43622,28,4.5,0.44675,3722.9166666666665,-39899.083333333336,1.0
196,100603,51,61321,61321,733,6,Pune,SME,Branch,2026-03-09 00:00:00,Yes,High,26611,24,7.7,0.61321,5110.083333333333,-21500.916666666668,1.0
197,100967,43,65108,65108,715,2,Delhi,Premium,Branch,2025-03-15 00:00:00,,Low,33421,91,3.3,0.65108,5425.666666666667,-27995.333333333332,1.0
198,101176,74,163051,163051,341,1,Delhi,value,Agent,2022-08-03 00:00:00,Yes,High,24646,44,7.6,1.63051,13587.583333333334,-11058.416666666666,1.0
199,100307,57,87768,87768,795,15,Kolkata,Corporate,Branch,2025-10-27 00:00:00,No,Low,32050,77,5.8,0.87768,7314.0,-24736.0,1.0
200,100368,58,130361,130361,306,8,Mumbai,Premium,Agent,2025-10-20 00:00:00,Yes,High,8205,18,5.9,1.30361,10863.416666666666,2658.416666666666,1.0
201,100758,47,51160,51160,600,11,Delhi,SME,Agent,2022-11-18 00:00:00,Yes,Medium,8466,84,8.1,0.5116,4263.333333333333,-4202.666666666667,1.0
202,101984,59,185105,185105,762,9,Pune,Corporate,Mobile,2023-06-01 00:00:00,Yes,Low,46466,121,9.0,1.85105,15425.416666666666,-31040.583333333336,1.0
203,101583,50,94286,94286,837,7,Kolkata,SME,Mobile,2024-11-02 00:00:00,No,Low,49648,95,7.6,0.94286,7857.166666666667,-41790.833333333336,1.0
204,101074,43,54300,54300,343,14,Delhi,Corporate,Agent,2025-08-19 00:00:00,No,High,33126,21,1.8,0.543,4525.0,-28601.0,1.0
205,101745,50,215237,215237,325,8,Bangalore,Retail,Agent,2026-02-15 00:00:00,Yes,High,21504,76,4.2,2.15237,17936.416666666668,-3567.583333333332,1.0
206,100621,66,233786,233786,690,3,Chennai,Corporate,Agent,2025-10-25 00:00:00,Yes,Medium,44158,21,8.2,2.33786,19482.166666666668,-24675.833333333332,1.0
207,100888,45,149481,149481,742,13,Bangalore,SME,Branch,2024-11-25 00:00:00,Yes,High,44329,139,8.4,1.49481,12456.75,-31872.25,1.0
208,100539,72,139999,139999,351,12,,Corporate,Branch,2021-01-08 00:00:00,Yes,High,18281,69,2.0,1.39999,11666.583333333334,-6614.416666666666,1.0
209,100238,69,90455,90455,797,6,Chennai,Corporate,Agent,2023-09-28 00:00:00,Yes,Low,11700,16,7.2,0.90455,7537.916666666667,-4162.083333333333,1.0
210,101721,68,244780,244780,612,15,Bangalore,Retail,Mobile,2024-04-01 00:00:00,Yes,Medium,27489,100,3.6,2.4478,20398.333333333332,-7090.666666666668,1.0
211,100940,70,149865,149865,312,0,Hyderabad,Premium,Online,2021-06-21 00:00:00,Yes,High,41959,103,9.6,1.49865,12488.75,-29470.25,1.0
212,100221,56,194899,194899,731,7,Bangalore,Retail,Mobile,2025-09-20 00:00:00,No,Low,34170,47,1.4,1.94899,16241.583333333334,-17928.416666666664,1.0
213,100629,52,178515,178515,429,4,Chennai,Corporate,Agent,not_a_date,No,High,24646,69,8.0,1.78515,14876.25,-9769.75,1.0
214,101931,26,139999,139999,752,14,Hyderabad,value,Branch,2025-05-13 00:00:00,No,Low,16101,117,4.4,1.39999,11666.583333333334,-4434.416666666666,1.0
215,100695,66,133177,133177,570,3,Chennai,SME,Agent,2026-03-01 00:00:00,Yes,High,15846,5,2.4,1.33177,11098.083333333334,-4747.916666666666,1.0
216,101106,43,176353,176353,752,6,Hyderabad,SME,Online,2025-12-08 00:00:00,Yes,Low,2259,138,2.3,1.76353,14696.083333333334,12437.083333333334,1.0
217,100711,66,246097,246097,406,10,Pune,Corporate,Branch,2024-11-28 00:00:00,Yes,High,1867,26,6.6,2.46097,20508.083333333332,18641.083333333332,1.0
218,100631,50,88449,88449,453,15,bangalore,SME,Online,2025-06-17 00:00:00,Yes,High,40285,115,7.5,0.88449,7370.75,-32914.25,1.0
219,100977,61,208260,208260,536,7,Chennai,Retail,Branch,2025-03-25 00:00:00,No,High,35946,141,9.5,2.0826,17355.0,-18591.0,1.0
220,101766,18,197927,197927,850,13,Pune,SME,Online,2025-07-06 00:00:00,Yes,Low,47241,131,7.1,1.97927,16493.916666666668,-30747.083333333332,1.0
221,100998,51,144863,144863,525,6,Chennai,Corporate,Agent,2024-05-25 00:00:00,Yes,High,29247,102,7.7,1.44863,12071.916666666666,-17175.083333333336,1.0
222,100050,24,139999,139999,573,3,Hyderabad,SME,Agent,2022-11-21 00:00:00,No,Medium,47239,65,5.595907928388747,1.39999,11666.583333333334,-35572.416666666664,1.0
223,100232,32,53541,53541,642,3,Kolkata,Retail,Branch,2026-03-05 00:00:00,No,Medium,11377,72,3.0,0.53541,4461.75,-6915.25,1.0
224,100430,50,205225,205225,714,0,Delhi,Retail,Branch,2021-06-14 00:00:00,Yes,Low,36576,128,6.2,2.05225,17102.083333333332,-19473.916666666668,1.0
225,100276,55,121347,121347,347,11,Delhi,value,Branch,2022-02-16 00:00:00,Yes,High,24646,5,5.595907928388747,1.21347,10112.25,-14533.75,1.0
226,101608,27,167055,167055,367,10,Chennai,Corporate,Agent,2023-02-07 00:00:00,No,High,26452,4,1.6,1.67055,13921.25,-12530.75,1.0
227,101650,63,100939,100939,368,9,Kolkata,SME,Mobile,2024-04-18 00:00:00,Yes,High,13116,34,1.3,1.00939,8411.583333333334,-4704.416666666666,1.0
228,101134,45,53082,53082,561,9,Bangalore,Corporate,Branch,2023-04-09 00:00:00,Yes,Medium,22575,115,1.7,0.53082,4423.5,-18151.5,1.0
229,101685,51,246796,246796,533,12,Mumbai,Premium,Online,2024-05-26 00:00:00,Yes,High,9581,116,7.4,2.46796,20566.333333333332,10985.333333333332,1.0
230,101515,24,140359,140359,524,8,Mumbai,Corporate,Agent,,Yes,High,24760,61,3.7,1.40359,11696.583333333334,-13063.416666666666,1.0
231,100174,56,139999,139999,313,8,Bangalore,Retail,Branch,31/99/2024,No,High,34112,40,5.3,1.39999,11666.583333333334,-22445.416666666664,1.0
232,101199,53,216775,216775,445,8,Mumbai,Retail,Mobile,2023-10-03 00:00:00,No,High,9825,87,3.4,2.16775,18064.583333333332,8239.583333333332,1.0
233,101190,41,162050,162050,723,8,,Retail,Online,,Yes,Low,19219,58,5.9,1.6205,13504.166666666666,-5714.833333333334,1.0
234,101844,56,86709,86709,704,8,Hyderabad,SME,Online,2023-01-29 00:00:00,Yes,Low,34883,119,6.5,0.86709,7225.75,-27657.25,1.0
235,101687,54,64901,64901,588,3,Pune,Corporate,Branch,2023-10-15 00:00:00,Yes,Medium,24646,17,9.3,0.64901,5408.416666666667,-19237.583333333332,1.0
236,100866,70,197395,197395,515,6,Kolkata,Retail,Agent,2021-11-05 00:00:00,No,High,16879,115,6.3,1.97395,16449.583333333332,-429.4166666666679,1.0
237,100248,54,127471,127471,524,3,Mumbai,SME,Mobile,2022-05-09 00:00:00,Yes,High,38392,3,9.8,1.27471,10622.583333333334,-27769.416666666664,1.0
238,101508,66,171964,171964,724,6,Delhi,SME,Mobile,2022-01-22 00:00:00,No,Low,9605,134,7.2,1.71964,14330.333333333334,4725.333333333334,1.0
239,101454,71,133899,133899,309,4,Mumbai,Retail,Branch,2023-11-09 00:00:00,Yes,High,23999,139,4.3,1.33899,11158.25,-12840.75,1.0
240,100024,47,236271,236271,554,14,Pune,Premium,Branch,2024-05-17 00:00:00,No,Medium,16820,12,9.4,2.36271,19689.25,2869.25,1.0
241,101569,25,94184,94184,782,14,Hyderabad,Retail,Agent,2023-02-18 00:00:00,Yes,Low,6504,148,4.3,0.94184,7848.666666666667,1344.666666666667,1.0
242,100943,47,89309,89309,570,5,Delhi,Corporate,Branch,2021-10-05 00:00:00,Yes,High,28656,88,2.8,0.89309,7442.416666666667,-21213.583333333332,1.0
243,100064,47,111206,111206,682,12,Hyderabad,Corporate,Branch,2024-01-04 00:00:00,Yes,Medium,34368,13,7.8,1.11206,9267.166666666666,-25100.833333333336,1.0
244,100306,35,181075,181075,366,10,Hyderabad,SME,Mobile,2021-03-06 00:00:00,Yes,High,34306,44,2.9,1.81075,15089.583333333334,-19216.416666666664,1.0
245,100189,49,219488,219488,709,9,Mumbai,Corporate,Mobile,2025-10-29 00:00:00,Yes,Low,12600,138,2.8,2.19488,18290.666666666668,5690.666666666668,1.0
246,101871,39,139999,139999,570,15,Bangalore,Corporate,Mobile,2024-05-07 00:00:00,Yes,High,18875,114,1.1,1.39999,11666.583333333334,-7208.416666666666,1.0
247,101319,40,191923,191923,760,4,Pune,SME,Agent,2021-09-12 00:00:00,No,Low,42597,26,5.9,1.91923,15993.583333333334,-26603.416666666664,1.0
248,101901,74,142886,142886,714,14,Pune,Corporate,Mobile,2021-09-24 00:00:00,Yes,Low,43707,33,9.6,1.42886,11907.166666666666,-31799.833333333336,1.0
249,100927,52,103222,103222,574,13,Kolkata,SME,Online,2025-09-18 00:00:00,No,Medium,24646,88,4.3,1.03222,8601.833333333334,-16044.166666666666,1.0
250,100942,54,219812,219812,558,14,,SME,Branch,2023-05-28 00:00:00,Yes,Medium,4097,34,9.5,2.19812,18317.666666666668,14220.666666666668,1.0
251,100810,58,139999,139999,592,12,Pune,Premium,Mobile,2026-02-22 00:00:00,No,Medium,39929,24,4.5,1.39999,11666.583333333334,-28262.416666666664,1.0
252,100282,39,86681,86681,573,15,Hyderabad,Premium,Mobile,2023-02-04 00:00:00,No,Medium,3158,149,1.9,0.86681,7223.416666666667,4065.416666666667,1.0
253,100531,59,139999,139999,547,12,Mumbai,Retail,Branch,2025-09-29 00:00:00,Yes,High,44915,114,7.4,1.39999,11666.583333333334,-33248.416666666664,1.0
254,100197,74,158052,158052,839,7,,Premium,Agent,2025-03-18 00:00:00,Yes,Low,49916,61,9.9,1.58052,13171.0,-36745.0,1.0
255,100652,40,167635,167635,396,8,Hyderabad,Retail,Mobile,2022-11-10 00:00:00,No,High,2429,68,4.8,1.67635,13969.583333333334,11540.583333333334,1.0
256,100352,55,182817,182817,516,13,Chennai,Corporate,Online,,Yes,High,23802,95,9.6,1.82817,15234.75,-8567.25,1.0
257,101375,69,90697,90697,513,0,Kolkata,Premium,Mobile,31/99/2024,Yes,High,20692,145,6.9,0.90697,7558.083333333333,-13133.916666666668,1.0
258,101979,26,53933,53933,558,11,Pune,Premium,Agent,,Yes,Medium,5334,110,3.4,0.53933,4494.416666666667,-839.583333333333,1.0
259,100908,73,227043,227043,528,3,Chennai,Premium,Branch,2024-01-24 00:00:00,Yes,High,45786,148,3.0,2.27043,18920.25,-26865.75,1.0
260,100887,30,244249,244249,338,8,Hyderabad,SME,Online,2024-04-11 00:00:00,No,High,711,69,1.3,2.44249,20354.083333333332,19643.083333333332,1.0
261,101653,34,31710,31710,399,1,Hyderabad,Corporate,Mobile,2023-05-19 00:00:00,Yes,High,41988,11,9.9,0.3171,2642.5,-39345.5,1.0
262,100773,22,230768,230768,603,6,Delhi,SME,Online,2024-06-05 00:00:00,Yes,Medium,33930,135,9.2,2.30768,19230.666666666668,-14699.333333333332,1.0
263,100950,31,56055,56055,387,10,Hyderabad,Corporate,Agent,2022-11-02 00:00:00,Yes,High,737,112,5.595907928388747,0.56055,4671.25,3934.25,1.0
264,100818,42,225321,225321,448,6,Bangalore,SME,Branch,2023-12-24 00:00:00,Yes,High,45777,120,8.9,2.25321,18776.75,-27000.25,1.0
265,100745,31,130111,130111,786,14,Chennai,Corporate,Online,2023-08-28 00:00:00,Yes,Low,47041,93,9.3,1.30111,10842.583333333334,-36198.416666666664,1.0
266,100813,20,150926,150926,686,6,Delhi,Corporate,Agent,2023-07-24 00:00:00,No,Medium,48709,83,5.5,1.50926,12577.166666666666,-36131.833333333336,1.0
267,101339,68,132539,132539,383,0,Bangalore,Premium,Agent,2021-02-22 00:00:00,Yes,High,12238,146,3.5,1.32539,11044.916666666666,-1193.083333333334,1.0
268,101852,41,240938,240938,316,11,Kolkata,Corporate,Mobile,2024-11-05 00:00:00,No,High,14875,103,5.595907928388747,2.40938,20078.166666666668,5203.166666666668,1.0
269,100322,65,182361,182361,372,1,Pune,Premium,Agent,2023-08-27 00:00:00,Yes,High,5931,75,8.3,1.82361,15196.75,9265.75,1.0
270,101830,32,158669,158669,514,10,Pune,SME,Online,2025-03-01 00:00:00,Yes,High,9765,109,9.7,1.58669,13222.416666666666,3457.416666666666,1.0
271,100651,52,183670,183670,508,6,Kolkata,Corporate,Branch,2024-01-04 00:00:00,Yes,High,13938,115,8.3,1.8367,15305.833333333334,1367.833333333334,1.0
272,101238,43,212921,212921,478,3,Delhi,SME,Mobile,2024-06-20 00:00:00,No,High,12247,135,7.7,2.12921,17743.416666666668,5496.416666666668,1.0
273,100026,55,160044,160044,552,14,Mumbai,Corporate,Agent,2024-02-24 00:00:00,Yes,Medium,24646,1,6.2,1.60044,13337.0,-11309.0,1.0
274,101434,71,162469,162469,463,11,Hyderabad,Premium,Branch,2024-12-24 00:00:00,No,High,39577,147,8.0,1.62469,13539.083333333334,-26037.916666666664,1.0
275,100079,23,27719,27719,715,11,Chennai,SME,Online,2024-12-13 00:00:00,No,Low,10134,24,7.9,0.27719,2309.9166666666665,-7824.083333333334,1.0
276,101711,34,51170,51170,405,13,Delhi,Retail,Agent,2024-07-10 00:00:00,No,High,29081,86,8.0,0.5117,4264.166666666667,-24816.833333333332,1.0
277,100033,61,159092,159092,318,2,Pune,Premium,Online,2022-03-28 00:00:00,No,High,21183,115,1.3,1.59092,13257.666666666666,-7925.333333333334,1.0
278,101302,31,93056,93056,828,5,Pune,value,Branch,2021-11-02 00:00:00,YES,Low,40658,149,5.7,0.93056,7754.666666666667,-32903.333333333336,1.0
279,100383,65,137340,137340,414,2,Bangalore,Retail,Branch,2023-09-22 00:00:00,Yes,High,27127,119,9.6,1.3734,11445.0,-15682.0,1.0
280,101559,63,179553,179553,846,8,Pune,SME,Online,2024-11-19 00:00:00,Yes,Low,6601,70,5.6,1.79553,14962.75,8361.75,1.0
281,100433,49,89324,89324,349,10,Hyderabad,Corporate,Agent,2021-05-21 00:00:00,Yes,High,10915,23,5.1,0.89324,7443.666666666667,-3471.333333333333,1.0
282,100164,56,139999,139999,669,14,Mumbai,Retail,Mobile,2023-01-12 00:00:00,,Medium,7567,112,2.9,1.39999,11666.583333333334,4099.583333333334,1.0
283,100204,37,179091,179091,384,10,Hyderabad,value,Mobile,2023-06-10 00:00:00,No,High,15376,66,10.0,1.79091,14924.25,-451.75,1.0
284,101008,50,165146,165146,499,5,,SME,Branch,2024-03-31 00:00:00,No,High,2310,136,1.9,1.65146,13762.166666666666,11452.166666666666,1.0
285,101171,51,208233,208233,621,0,Bangalore,Corporate,Online,2025-01-23 00:00:00,Yes,Medium,11396,133,9.6,2.08233,17352.75,5956.75,1.0
286,100369,53,139999,139999,454,2,Chennai,SME,Online,2024-02-02 00:00:00,Yes,High,31705,77,4.5,1.39999,11666.583333333334,-20038.416666666664,1.0
287,100953,18,170788,170788,450,4,Hyderabad,Premium,Online,2022-11-01 00:00:00,No,High,41334,146,7.5,1.70788,14232.333333333334,-27101.666666666664,1.0
288,101445,54,95553,95553,509,9,Hyderabad,SME,Mobile,2021-08-21 00:00:00,Yes,High,4740,76,9.3,0.95553,7962.75,3222.75,1.0
289,101354,74,89429,89429,822,15,Kolkata,Retail,Online,2025-04-12 00:00:00,Yes,Low,1412,137,5.5,0.89429,7452.416666666667,6040.416666666667,1.0
290,101274,66,139999,139999,626,14,Chennai,Retail,Mobile,2024-05-01 00:00:00,Yes,Medium,28134,129,5.6,1.39999,11666.583333333334,-16467.416666666664,1.0
291,101111,47,152734,152734,427,11,Mumbai,SME,Mobile,2024-02-13 00:00:00,Yes,High,24646,20,6.8,1.52734,12727.833333333334,-11918.166666666666,1.0
292,100317,59,182087,182087,675,10,Chennai,SME,Branch,2021-09-28 00:00:00,Yes,Medium,3446,135,6.6,1.82087,15173.916666666666,11727.916666666666,1.0
293,101281,28,207684,207684,785,15,Delhi,SME,Branch,2022-08-03 00:00:00,Yes,Low,20511,29,6.4,2.07684,17307.0,-3204.0,1.0
294,101809,35,73781,73781,390,15,Pune,Corporate,Online,2021-08-27 00:00:00,Yes,High,49241,88,7.7,0.73781,6148.416666666667,-43092.583333333336,1.0
295,100219,58,217860,217860,434,6,Kolkata,Premium,Mobile,2024-07-04 00:00:00,Yes,High,30467,65,5.595907928388747,2.1786,18155.0,-12312.0,1.0
296,101971,73,139999,139999,320,12,Chennai,SME,Mobile,2024-07-02 00:00:00,NO,High,49326,21,4.3,1.39999,11666.583333333334,-37659.416666666664,1.0
297,101854,47,180336,180336,805,4,Kolkata,Premium,Mobile,2024-01-21 00:00:00,Yes,Low,39257,120,2.0,1.80336,15028.0,-24229.0,1.0
298,101693,70,150576,150576,552,0,Pune,Corporate,Online,2025-06-25 00:00:00,No,Medium,10938,115,9.9,1.50576,12548.0,1610.0,1.0
299,100276,55,121347,121347,347,11,Delhi,value,Branch,2022-02-16 00:00:00,Yes,High,24646,5,5.595907928388747,1.21347,10112.25,-14533.75,1.0
300,101348,47,234717,234717,339,9,Bangalore,value,Mobile,2025-04-16 00:00:00,Yes,High,3083,48,9.1,2.34717,19559.75,16476.75,1.0
301,100060,26,207828,207828,397,7,Delhi,Premium,Agent,2025-07-11 00:00:00,No,High,30916,86,5.1,2.07828,17319.0,-13597.0,1.0
302,101056,46,178812,178812,467,11,Kolkata,SME,Agent,2025-08-25 00:00:00,No,High,27281,135,8.7,1.78812,14901.0,-12380.0,1.0
303,100434,47,201037,201037,801,11,Pune,Corporate,Online,2024-05-03 00:00:00,YES,Low,26302,76,8.9,2.01037,16753.083333333332,-9548.916666666668,1.0
304,100074,53,74138,74138,519,2,Pune,SME,Agent,2025-12-19 00:00:00,Yes,High,10448,19,4.2,0.74138,6178.166666666667,-4269.833333333333,1.0
305,100163,47,122768,122768,365,7,Chennai,SME,Mobile,2023-03-29 00:00:00,Yes,High,48616,52,1.5,1.22768,10230.666666666666,-38385.333333333336,1.0
306,101320,32,51832,51832,623,11,pune,Corporate,Mobile,2023-08-18 00:00:00,Yes,Medium,7689,139,5.0,0.51832,4319.333333333333,-3369.666666666667,1.0
307,101160,47,139999,139999,354,13,Kolkata,Corporate,Mobile,2021-09-02 00:00:00,Yes,High,6517,98,7.9,1.39999,11666.583333333334,5149.583333333334,1.0
308,101630,29,66971,66971,398,8,Pune,SME,Agent,2021-10-21 00:00:00,Yes,High,24537,137,3.9,0.66971,5580.916666666667,-18956.083333333332,1.0
309,101068,38,209816,209816,513,14,Mumbai,Corporate,Branch,2026-02-27 00:00:00,Yes,High,44435,125,9.8,2.09816,17484.666666666668,-26950.333333333332,1.0
310,101626,47,199023,199023,813,3,Bangalore,Premium,Mobile,2022-05-09 00:00:00,No,Low,26044,123,2.6,1.99023,16585.25,-9458.75,1.0
311,101986,67,139999,139999,325,3,Chennai,Premium,Mobile,2025-06-13 00:00:00,No,High,46984,54,5.595907928388747,1.39999,11666.583333333334,-35317.416666666664,1.0
312,100046,74,36303,36303,416,1,Mumbai,Retail,Branch,2022-07-24 00:00:00,No,High,24807,1,9.9,0.36303,3025.25,-21781.75,1.0
313,100995,51,205913,205913,398,11,Kolkata,Corporate,Online,2025-04-20 00:00:00,No,High,33874,126,5.595907928388747,2.05913,17159.416666666668,-16714.583333333332,1.0
314,100362,63,95326,95326,443,6,Chennai,Retail,Mobile,2025-11-26 00:00:00,Yes,High,13422,112,7.7,0.95326,7943.833333333333,-5478.166666666667,1.0
315,101303,43,159153,159153,351,4,Pune,value,Mobile,2026-02-04 00:00:00,Yes,High,11213,33,4.3,1.59153,13262.75,2049.75,1.0
316,100568,20,193280,193280,701,15,Delhi,SME,Online,2021-03-27 00:00:00,Yes,Low,21634,70,6.5,1.9328,16106.666666666666,-5527.333333333334,1.0
317,100077,21,103249,103249,564,10,Delhi,Corporate,Agent,2024-03-28 00:00:00,No,Medium,6074,90,2.4,1.03249,8604.083333333334,2530.083333333334,1.0
318,101957,71,199427,199427,845,10,,Retail,Agent,2021-08-10 00:00:00,Yes,Low,43301,12,1.4,1.99427,16618.916666666668,-26682.083333333332,1.0
319,101443,18,50122,50122,785,11,,Retail,Branch,2025-09-20 00:00:00,No,Low,8844,49,3.1,0.50122,4176.833333333333,-4667.166666666667,1.0
320,101866,32,141219,141219,646,13,Pune,Premium,Branch,2021-07-07 00:00:00,Yes,Medium,17900,113,1.5,1.41219,11768.25,-6131.75,1.0
321,101343,32,139914,139914,567,14,Chennai,Retail,Agent,2025-09-09 00:00:00,Yes,Medium,44019,116,5.6,1.39914,11659.5,-32359.5,1.0
322,101629,47,206801,206801,358,12,Mumbai,Corporate,Online,,No,High,47576,81,8.0,2.06801,17233.416666666668,-30342.583333333332,1.0
323,101462,70,119848,119848,688,9,Pune,value,Mobile,2023-07-25 00:00:00,Yes,Medium,39373,67,6.4,1.19848,9987.333333333334,-29385.666666666664,1.0
324,100850,71,149982,149982,819,5,Pune,Corporate,Branch,2023-09-20 00:00:00,Yes,Low,10638,1,2.9,1.49982,12498.5,1860.5,1.0
325,100031,75,151267,151267,689,13,,Corporate,Mobile,2024-01-22 00:00:00,Yes,Medium,24646,43,1.0,1.51267,12605.583333333334,-12040.416666666666,1.0
326,101115,73,139999,139999,377,0,Mumbai,Premium,Agent,,No,High,31246,79,8.0,1.39999,11666.583333333334,-19579.416666666664,1.0
327,101544,67,32345,32345,667,2,Delhi,Premium,Agent,2026-02-08 00:00:00,Yes,Medium,43886,80,7.0,0.32345,2695.4166666666665,-41190.583333333336,1.0
328,101661,62,139999,139999,634,13,Chennai,Premium,Online,2025-10-14 00:00:00,Yes,Medium,7390,55,5.5,1.39999,11666.583333333334,4276.583333333334,1.0
329,101311,25,92695,92695,558,3,Kolkata,SME,Branch,2022-09-22 00:00:00,Yes,Medium,18142,131,4.2,0.92695,7724.583333333333,-10417.416666666668,1.0
330,100833,38,150541,150541,696,6,Delhi,Corporate,Mobile,2024-01-28 00:00:00,Yes,Medium,35242,141,8.1,1.50541,12545.083333333334,-22696.916666666664,1.0
331,100694,29,220229,220229,393,5,Hyderabad,Retail,Branch,31/99/2024,Yes,High,13634,115,3.1,2.20229,18352.416666666668,4718.416666666668,1.0
332,100533,36,104141,104141,595,4,delhi,SME,Agent,2021-07-09 00:00:00,Yes,Medium,12893,117,4.8,1.04141,8678.416666666666,-4214.583333333334,1.0
333,101582,68,168996,168996,348,11,Chennai,Retail,Online,2024-07-16 00:00:00,No,High,34536,14,4.5,1.68996,14083.0,-20453.0,1.0
334,101851,48,40282,40282,728,13,Mumbai,SME,Branch,2021-07-23 00:00:00,Yes,Low,36888,130,3.1,0.40282,3356.8333333333335,-33531.166666666664,1.0
335,100382,50,228613,228613,682,10,Delhi,Retail,Mobile,2023-04-13 00:00:00,Yes,High,3677,109,1.1,2.28613,19051.083333333332,15374.083333333332,1.0
336,101605,65,187005,187005,656,4,Hyderabad,SME,Online,2021-04-25 00:00:00,Yes,Medium,43538,82,8.1,1.87005,15583.75,-27954.25,1.0
337,100045,69,157663,157663,460,11,,SME,Mobile,2022-11-28 00:00:00,,High,44615,87,5.9,1.57663,13138.583333333334,-31476.416666666664,1.0
338,101731,53,106835,106835,577,13,Hyderabad,SME,Branch,,Yes,Medium,42214,57,2.0,1.06835,8902.916666666666,-33311.083333333336,1.0
339,100169,43,48411,48411,738,7,Kolkata,Corporate,Online,2021-07-06 00:00:00,Yes,Low,18650,62,2.0,0.48411,4034.25,-14615.75,1.0
340,100304,57,221713,221713,394,8,Bangalore,Retail,Mobile,2021-05-19 00:00:00,No,High,30849,118,8.1,2.21713,18476.083333333332,-12372.916666666668,1.0
341,100343,71,136562,136562,766,0,Pune,Premium,Mobile,2021-07-21 00:00:00,Yes,Low,21575,109,3.2,1.36562,11380.166666666666,-10194.833333333334,1.0
342,100439,47,139999,139999,570,8,Bangalore,Retail,Branch,2023-04-07 00:00:00,Yes,Medium,21646,24,9.1,1.39999,11666.583333333334,-9979.416666666666,1.0
343,101965,74,125311,125311,682,14,Kolkata,Premium,Mobile,2022-10-22 00:00:00,YES,Medium,6395,105,8.1,1.25311,10442.583333333334,4047.583333333334,1.0
344,100765,30,93388,93388,439,0,Chennai,Premium,Mobile,2022-04-06 00:00:00,No,High,24646,143,9.3,0.93388,7782.333333333333,-16863.666666666668,1.0
345,101678,23,241192,241192,570,1,Mumbai,Premium,Agent,2024-03-05 00:00:00,Yes,Low,41662,47,4.1,2.41192,20099.333333333332,-21562.666666666668,1.0
346,101179,39,215632,215632,316,7,Hyderabad,value,Mobile,2022-02-02 00:00:00,Yes,High,16765,19,2.3,2.15632,17969.333333333332,1204.3333333333321,1.0
347,101928,70,163440,163440,445,0,Pune,Corporate,Branch,2021-05-11 00:00:00,Yes,High,4326,4,5.6,1.6344,13620.0,9294.0,1.0
348,100421,58,82056,82056,302,12,Hyderabad,Corporate,Online,2024-04-11 00:00:00,Yes,High,5166,59,5.595907928388747,0.82056,6838.0,1672.0,1.0
349,100708,39,245094,245094,637,1,Hyderabad,Retail,Online,2023-04-17 00:00:00,Yes,Medium,17450,19,1.3,2.45094,20424.5,2974.5,1.0
350,101346,50,98445,98445,652,12,Pune,Retail,Online,2024-04-17 00:00:00,Yes,Medium,27972,76,5.5,0.98445,8203.75,-19768.25,1.0
351,100789,53,218510,218510,317,3,Pune,SME,Online,2021-10-30 00:00:00,No,High,41470,144,5.6,2.1851,18209.166666666668,-23260.833333333332,1.0
352,100355,52,148629,148629,482,9,Mumbai,Premium,Branch,2023-07-08 00:00:00,Yes,High,22832,64,3.1,1.48629,12385.75,-10446.25,1.0
353,100354,37,176094,176094,846,8,Kolkata,Retail,Agent,2024-04-01 00:00:00,Yes,Low,41123,105,9.2,1.76094,14674.5,-26448.5,1.0
354,100528,33,81503,81503,481,12,Kolkata,Premium,Online,2022-05-30 00:00:00,No,High,38234,46,3.7,0.81503,6791.916666666667,-31442.083333333332,1.0
355,101342,69,222621,222621,792,0,Chennai,Corporate,Online,2024-10-12 00:00:00,Yes,Low,46059,39,8.0,2.22621,18551.75,-27507.25,1.0
356,100483,33,227724,227724,368,10,Kolkata,Premium,Online,2025-12-10 00:00:00,Yes,High,9046,142,8.1,2.27724,18977.0,9931.0,1.0
357,100186,46,209403,209403,425,2,Delhi,SME,Mobile,2023-12-20 00:00:00,Yes,High,24426,105,3.7,2.09403,17450.25,-6975.75,1.0
358,101395,44,166330,166330,813,12,Kolkata,Premium,Agent,2021-08-26 00:00:00,Yes,Low,30836,117,9.7,1.6633,13860.833333333334,-16975.166666666664,1.0
359,101455,72,51201,51201,413,10,Mumbai,Corporate,Mobile,2024-12-15 00:00:00,Yes,High,5946,113,1.2,0.51201,4266.75,-1679.25,1.0
360,101426,54,170544,170544,741,5,Pune,Retail,Agent,2024-12-01 00:00:00,Yes,Low,24646,8,4.4,1.70544,14212.0,-10434.0,1.0
361,101229,21,102794,102794,461,5,Mumbai,SME,Online,,No,High,24646,25,8.1,1.02794,8566.166666666666,-16079.833333333334,1.0
362,100301,69,237977,237977,824,5,Pune,SME,Mobile,2024-07-16 00:00:00,Yes,Low,7155,67,7.6,2.37977,19831.416666666668,12676.416666666668,1.0
363,100454,59,177999,177999,397,3,delhi,SME,Online,2022-10-10 00:00:00,Yes,High,7473,78,5.7,1.77999,14833.25,7360.25,1.0
364,100734,47,62384,62384,707,5,Mumbai,value,Branch,2025-05-29 00:00:00,Yes,Low,17526,32,7.7,0.62384,5198.666666666667,-12327.333333333332,1.0
365,101782,51,139999,139999,754,0,Kolkata,SME,Agent,2024-04-12 00:00:00,No,High,24646,87,6.2,1.39999,11666.583333333334,-12979.416666666666,1.0
366,101789,27,129648,129648,378,14,Bangalore,Corporate,Branch,2022-04-24 00:00:00,Yes,High,7176,3,2.5,1.29648,10804.0,3628.0,1.0
367,101911,37,210378,210378,797,7,Chennai,SME,Mobile,2021-01-31 00:00:00,Yes,Low,5082,98,8.3,2.10378,17531.5,12449.5,1.0
368,101973,22,139999,139999,587,14,Delhi,Corporate,Branch,2024-04-13 00:00:00,Yes,Medium,26150,42,6.2,1.39999,11666.583333333334,-14483.416666666666,1.0
369,101393,43,38428,38428,657,7,Kolkata,Corporate,Branch,2022-06-01 00:00:00,No,Medium,28094,16,2.7,0.38428,3202.3333333333335,-24891.666666666668,1.0
370,101233,47,204830,204830,810,12,Bangalore,Corporate,Agent,2025-04-15 00:00:00,Yes,Low,5139,10,4.4,2.0483,17069.166666666668,11930.166666666668,1.0
371,100176,69,47042,47042,727,11,Kolkata,Retail,Branch,2021-11-24 00:00:00,Yes,Low,23209,28,8.1,0.47042,3920.1666666666665,-19288.833333333332,1.0
372,100964,48,172992,172992,477,14,Mumbai,Premium,Agent,2021-06-17 00:00:00,No,High,2094,61,2.5,1.72992,14416.0,12322.0,1.0
373,101028,23,57371,57371,404,3,Hyderabad,Corporate,Mobile,2025-10-08 00:00:00,No,High,21356,37,7.3,0.57371,4780.916666666667,-16575.083333333332,1.0
374,101642,75,158623,158623,311,11,Mumbai,Retail,Branch,2026-01-20 00:00:00,Yes,High,14962,70,7.8,1.58623,13218.583333333334,-1743.416666666666,1.0
375,100124,68,163563,163563,605,10,Hyderabad,SME,Online,2025-09-23 00:00:00,No,Medium,45631,112,8.9,1.63563,13630.25,-32000.75,1.0
376,100384,29,84321,84321,781,0,Chennai,Premium,Agent,2023-09-13 00:00:00,Yes,Low,36080,76,5.6,0.84321,7026.75,-29053.25,1.0
377,101597,21,139999,139999,609,13,Hyderabad,SME,Agent,2021-12-07 00:00:00,No,Medium,23083,25,9.1,1.39999,11666.583333333334,-11416.416666666666,1.0
378,100585,22,30704,30704,791,15,Chennai,Corporate,Agent,2025-12-16 00:00:00,No,Low,24646,52,4.0,0.30704,2558.6666666666665,-22087.333333333332,1.0
379,100040,32,140005,140005,454,14,Kolkata,SME,Agent,2025-04-04 00:00:00,Yes,High,21658,79,1.4,1.40005,11667.083333333334,-9990.916666666666,1.0
380,100487,40,34847,34847,787,13,Mumbai,Corporate,Mobile,2023-01-27 00:00:00,Yes,Low,29637,19,7.8,0.34847,2903.9166666666665,-26733.083333333332,1.0
381,100515,22,58997,58997,763,0,Hyderabad,SME,Branch,2022-07-12 00:00:00,Yes,Low,27512,11,6.8,0.58997,4916.416666666667,-22595.583333333332,1.0
382,100332,49,222507,222507,733,11,Mumbai,Premium,Branch,2023-06-02 00:00:00,Yes,Low,37951,134,4.5,2.22507,18542.25,-19408.75,1.0
383,100428,48,139999,139999,552,9,Mumbai,Retail,Online,2021-04-27 00:00:00,Yes,Medium,37400,85,1.4,1.39999,11666.583333333334,-25733.416666666664,1.0
384,100195,59,176054,176054,609,11,Kolkata,Corporate,Online,,Yes,Medium,801,90,8.5,1.76054,14671.166666666666,13870.166666666666,1.0
385,100545,26,139999,139999,734,14,Hyderabad,SME,Mobile,2021-11-27 00:00:00,Yes,Low,47644,102,5.9,1.39999,11666.583333333334,-35977.416666666664,1.0
386,100592,56,143516,143516,834,5,Hyderabad,Corporate,Mobile,2022-04-30 00:00:00,No,Low,23023,28,7.7,1.43516,11959.666666666666,-11063.333333333334,1.0
387,101748,64,145987,145987,712,6,Delhi,SME,Mobile,2025-07-10 00:00:00,No,Low,20242,84,3.2,1.45987,12165.583333333334,-8076.416666666666,1.0
388,100323,74,159461,159461,607,12,pune,Corporate,Online,2022-05-13 00:00:00,Yes,Medium,6526,137,8.6,1.59461,13288.416666666666,6762.416666666666,1.0
389,101222,68,202876,202876,402,2,Mumbai,SME,Agent,2024-11-06 00:00:00,No,High,12901,106,4.2,2.02876,16906.333333333332,4005.333333333332,1.0
390,100267,49,94298,94298,341,2,Mumbai,SME,Branch,not_a_date,Yes,High,49324,40,9.4,0.94298,7858.166666666667,-41465.833333333336,1.0
391,101356,54,217699,217699,483,1,pune,SME,Agent,,Yes,High,19218,105,5.9,2.17699,18141.583333333332,-1076.4166666666679,1.0
392,101481,44,139999,139999,454,6,Chennai,Corporate,Branch,2025-06-02 00:00:00,Yes,High,16247,133,2.4,1.39999,11666.583333333334,-4580.416666666666,1.0
393,100068,61,178606,178606,802,6,,Corporate,Online,,Yes,Low,911,137,6.3,1.78606,14883.833333333334,13972.833333333334,1.0
394,100988,38,228038,228038,656,9,Mumbai,Premium,Mobile,2024-10-03 00:00:00,Yes,Medium,48767,29,9.0,2.28038,19003.166666666668,-29763.833333333332,1.0
395,101839,46,37109,37109,736,8,Bangalore,Corporate,Branch,,Yes,Low,24646,47,3.4,0.37109,3092.4166666666665,-21553.583333333332,1.0
396,101991,49,98869,98869,614,8,hyderabad,Premium,Agent,2024-08-26 00:00:00,Yes,High,44477,42,1.1,0.98869,8239.083333333334,-36237.916666666664,1.0
397,101788,34,101229,101229,820,12,Hyderabad,SME,Agent,2024-10-14 00:00:00,Yes,Low,26436,93,2.1,1.01229,8435.75,-18000.25,1.0
398,101613,36,25781,25781,763,11,Pune,SME,Agent,2023-04-24 00:00:00,No,Low,44297,56,7.6,0.25781,2148.4166666666665,-42148.583333333336,1.0
399,100671,73,153803,153803,811,5,Kolkata,Corporate,Agent,2021-08-25 00:00:00,Yes,Low,11066,7,3.6,1.53803,12816.916666666666,1750.916666666666,1.0
400,101754,34,84042,84042,837,15,Hyderabad,SME,Agent,2021-08-24 00:00:00,Yes,Low,39625,133,7.7,0.84042,7003.5,-32621.5,1.0
401,100479,37,241184,241184,431,6,Pune,Premium,Mobile,2023-11-03 00:00:00,Yes,High,15649,106,5.595907928388747,2.41184,20098.666666666668,4449.666666666668,1.0
402,101767,42,106557,106557,721,3,Kolkata,SME,Agent,2024-02-16 00:00:00,No,Low,1455,122,5.1,1.06557,8879.75,7424.75,1.0
403,101570,18,204017,204017,696,9,,SME,Mobile,,No,Medium,9187,13,5.7,2.04017,17001.416666666668,7814.416666666668,1.0
404,100472,41,104530,104530,784,10,Delhi,Premium,Branch,2023-07-28 00:00:00,Yes,Low,45235,18,2.4,1.0453,8710.833333333334,-36524.166666666664,1.0
405,101666,39,240814,240814,530,15,Bangalore,Corporate,Mobile,2024-03-17 00:00:00,No,High,40331,58,1.1,2.40814,20067.833333333332,-20263.166666666668,1.0
406,100721,48,177747,177747,391,10,Mumbai,Retail,Agent,2026-01-23 00:00:00,No,High,46347,120,3.8,1.77747,14812.25,-31534.75,1.0
407,101299,54,46727,46727,570,0,Delhi,Retail,Agent,2024-01-21 00:00:00,No,High,5527,125,5.595907928388747,0.46727,3893.9166666666665,-1633.0833333333335,1.0
408,101306,47,105102,105102,835,8,Mumbai,SME,Branch,2021-10-19 00:00:00,YES,Low,9851,18,5.595907928388747,1.05102,8758.5,-1092.5,1.0
409,101849,34,225696,225696,655,13,Mumbai,Corporate,Online,2025-10-18 00:00:00,Yes,Medium,24646,124,3.1,2.25696,18808.0,-5838.0,1.0
410,101703,51,77756,77756,692,11,Delhi,Corporate,Online,2024-10-20 00:00:00,Yes,Medium,39461,138,2.0,0.77756,6479.666666666667,-32981.333333333336,1.0
411,101562,40,80718,80718,783,1,Hyderabad,SME,Mobile,2021-06-14 00:00:00,Yes,Low,15969,76,5.2,0.80718,6726.5,-9242.5,1.0
412,101611,40,43133,43133,765,3,Pune,SME,Online,2022-05-16 00:00:00,Yes,Low,15207,129,4.3,0.43133,3594.4166666666665,-11612.583333333334,1.0
413,101692,47,158663,158663,773,4,Chennai,Retail,Mobile,2025-05-08 00:00:00,Yes,Low,5127,94,9.8,1.58663,13221.916666666666,8094.916666666666,1.0
414,100480,18,60946,60946,781,11,Pune,Retail,Agent,2022-06-28 00:00:00,Yes,Low,11281,1,8.6,0.60946,5078.833333333333,-6202.166666666667,1.0
415,100863,47,54301,54301,605,12,Hyderabad,Corporate,Online,2024-01-12 00:00:00,Yes,Medium,22104,67,8.5,0.54301,4525.083333333333,-17578.916666666668,1.0
416,101245,60,179983,179983,767,7,Kolkata,Retail,Agent,2023-06-26 00:00:00,Yes,Low,19106,6,4.4,1.79983,14998.583333333334,-4107.416666666666,1.0
417,101532,57,139999,139999,424,15,Kolkata,SME,Agent,2021-03-17 00:00:00,Yes,High,18079,54,9.3,1.39999,11666.583333333334,-6412.416666666666,1.0
418,101263,26,180930,180930,439,2,Chennai,Retail,Mobile,2021-06-16 00:00:00,Yes,High,36661,70,7.9,1.8093,15077.5,-21583.5,1.0
419,101848,56,43351,43351,497,11,Kolkata,Premium,Mobile,2022-04-29 00:00:00,,High,34598,49,8.6,0.43351,3612.5833333333335,-30985.416666666668,1.0
420,100262,36,45581,45581,520,9,hyderabad,Premium,Online,2024-09-13 00:00:00,Yes,High,24646,57,7.5,0.45581,3798.4166666666665,-20847.583333333332,1.0
421,101118,47,229688,229688,348,0,Chennai,Premium,Online,2023-04-13 00:00:00,Yes,High,40713,90,5.8,2.29688,19140.666666666668,-21572.333333333332,1.0
422,101005,69,227056,227056,844,0,Chennai,SME,Agent,2021-12-02 00:00:00,No,Low,13654,97,6.8,2.27056,18921.333333333332,5267.333333333332,1.0
423,100241,75,30109,30109,630,4,Kolkata,Premium,Agent,2023-01-14 00:00:00,Yes,Medium,10750,101,1.9,0.30109,2509.0833333333335,-8240.916666666666,1.0
424,101059,75,138132,138132,773,14,Pune,SME,Online,2021-11-10 00:00:00,Yes,Low,25879,48,3.9,1.38132,11511.0,-14368.0,1.0
425,101079,43,153563,153563,450,14,bangalore,Retail,Online,,Yes,High,48065,111,2.2,1.53563,12796.916666666666,-35268.083333333336,1.0
426,101575,40,136672,136672,596,1,Chennai,Retail,Branch,2023-09-27 00:00:00,Yes,Medium,12456,102,7.4,1.36672,11389.333333333334,-1066.666666666666,1.0
427,101620,18,54118,54118,635,15,Delhi,Corporate,Branch,2021-06-11 00:00:00,No,Medium,39230,30,3.4,0.54118,4509.833333333333,-34720.166666666664,1.0
428,101318,50,166877,166877,595,15,Bangalore,SME,Agent,2023-06-19 00:00:00,,Medium,47686,143,7.5,1.66877,13906.416666666666,-33779.583333333336,1.0
429,100571,33,126376,126376,593,10,Delhi,Retail,Online,,Yes,Medium,27776,61,5.1,1.26376,10531.333333333334,-17244.666666666664,1.0
430,100366,52,45049,45049,572,3,Chennai,Premium,Branch,2025-07-13 00:00:00,No,Medium,4544,141,4.1,0.45049,3754.0833333333335,-789.9166666666665,1.0
431,100573,54,104134,104134,770,7,hyderabad,Premium,Mobile,2025-10-29 00:00:00,Yes,Low,30755,121,5.9,1.04134,8677.833333333334,-22077.166666666664,1.0
432,101266,28,247670,247670,657,12,,Corporate,Agent,2021-12-22 00:00:00,Yes,Medium,23616,108,2.9,2.4767,20639.166666666668,-2976.833333333332,1.0
433,100451,40,92649,92649,535,0,hyderabad,SME,Agent,2024-04-10 00:00:00,Yes,High,13314,16,3.3,0.92649,7720.75,-5593.25,1.0
434,101961,63,33770,33770,699,15,Chennai,Corporate,Online,2023-06-28 00:00:00,Yes,Medium,47957,67,5.7,0.3377,2814.1666666666665,-45142.833333333336,1.0
435,100951,26,193757,193757,503,12,Hyderabad,Retail,Agent,2022-03-10 00:00:00,Yes,High,25701,76,2.5,1.93757,16146.416666666666,-9554.583333333334,1.0
436,101224,61,118471,118471,326,4,Mumbai,SME,Branch,,Yes,High,23826,113,2.3,1.18471,9872.583333333334,-13953.416666666666,1.0
437,100072,31,99553,99553,711,5,Hyderabad,Retail,Agent,2024-07-11 00:00:00,No,Low,7446,11,1.3,0.99553,8296.083333333334,850.0833333333339,1.0
438,100922,66,98861,98861,463,13,Pune,SME,Online,2024-10-22 00:00:00,No,High,19673,1,1.1,0.98861,8238.416666666666,-11434.583333333334,1.0
439,100260,50,89288,89288,781,13,Pune,Retail,Mobile,31/99/2024,Yes,Low,16406,107,2.4,0.89288,7440.666666666667,-8965.333333333332,1.0
440,100052,26,111231,111231,434,1,Delhi,Premium,Agent,2021-07-09 00:00:00,Yes,High,17552,67,2.0,1.11231,9269.25,-8282.75,1.0
441,100199,23,51431,51431,743,5,Bangalore,SME,Agent,2025-04-24 00:00:00,,Low,15765,61,6.8,0.51431,4285.916666666667,-11479.083333333332,1.0
442,101646,34,147775,147775,405,2,Mumbai,Corporate,Agent,2021-11-20 00:00:00,Yes,High,30038,67,4.8,1.47775,12314.583333333334,-17723.416666666664,1.0
443,101191,72,139999,139999,728,3,Delhi,Corporate,Online,2021-04-22 00:00:00,Yes,Low,37513,95,6.7,1.39999,11666.583333333334,-25846.416666666664,1.0
444,100333,72,36653,36653,482,0,Mumbai,Premium,Agent,2022-12-27 00:00:00,Yes,High,41209,34,4.1,0.36653,3054.4166666666665,-38154.583333333336,1.0
445,101387,44,205887,205887,778,15,bangalore,Premium,Agent,2025-04-07 00:00:00,Yes,Low,22759,44,3.1,2.05887,17157.25,-5601.75,1.0
446,100615,21,28726,28726,344,14,Hyderabad,Corporate,Online,2025-06-01 00:00:00,No,High,39059,9,8.6,0.28726,2393.8333333333335,-36665.166666666664,1.0
447,101764,57,109246,109246,416,5,Bangalore,SME,Mobile,2023-03-25 00:00:00,No,High,13640,30,6.9,1.09246,9103.833333333334,-4536.166666666666,1.0
448,100999,35,181104,181104,664,10,Kolkata,SME,Online,,No,Medium,24442,58,5.3,1.81104,15092.0,-9350.0,1.0
449,101183,72,111205,111205,828,10,Delhi,SME,Agent,2022-01-03 00:00:00,Yes,Low,26270,139,6.5,1.11205,9267.083333333334,-17002.916666666664,1.0
450,101340,47,43313,43313,850,6,Mumbai,value,Online,2021-07-07 00:00:00,Yes,Low,12133,50,6.3,0.43313,3609.4166666666665,-8523.583333333334,1.0
451,100933,45,208202,208202,829,12,Chennai,Retail,Agent,,Yes,Low,9763,28,4.2,2.08202,17350.166666666668,7587.166666666668,1.0
452,101668,47,31530,31530,569,0,Chennai,Retail,Branch,2024-03-23 00:00:00,Yes,Medium,46303,146,5.4,0.3153,2627.5,-43675.5,1.0
453,100949,38,247317,247317,581,0,Bangalore,Premium,Branch,2023-02-16 00:00:00,No,Medium,9702,8,8.4,2.47317,20609.75,10907.75,1.0
454,100427,70,167633,167633,667,7,Pune,value,Agent,2021-11-19 00:00:00,Yes,Medium,38283,141,9.8,1.67633,13969.416666666666,-24313.583333333336,1.0
455,101680,38,139999,139999,351,15,Pune,Premium,Mobile,2024-11-05 00:00:00,Yes,High,18225,28,3.7,1.39999,11666.583333333334,-6558.416666666666,1.0
456,100680,41,162084,162084,340,6,Hyderabad,value,Branch,2021-01-04 00:00:00,No,High,22879,7,1.3,1.62084,13507.0,-9372.0,1.0
457,100612,73,140142,140142,357,8,Delhi,SME,Agent,2022-05-24 00:00:00,Yes,High,26244,43,5.595907928388747,1.40142,11678.5,-14565.5,1.0
458,101019,27,222990,222990,580,5,Delhi,Corporate,Online,2024-04-27 00:00:00,Yes,Medium,43182,145,5.595907928388747,2.2299,18582.5,-24599.5,1.0
459,101231,37,149447,149447,807,7,Hyderabad,Corporate,Branch,2021-08-31 00:00:00,Yes,Low,24646,113,7.5,1.49447,12453.916666666666,-12192.083333333334,1.0
460,100747,75,192523,192523,447,15,Mumbai,Premium,Mobile,2026-01-20 00:00:00,Yes,High,43447,102,3.1,1.92523,16043.583333333334,-27403.416666666664,1.0
461,100556,65,171649,171649,382,1,Bangalore,Retail,Online,2024-11-16 00:00:00,Yes,High,12235,136,5.0,1.71649,14304.083333333334,2069.083333333334,1.0
462,101610,50,121334,121334,480,7,Bangalore,value,Branch,2021-10-26 00:00:00,No,High,15829,93,5.5,1.21334,10111.166666666666,-5717.833333333334,1.0
463,100399,51,97099,97099,499,0,Kolkata,Corporate,Agent,2022-08-08 00:00:00,Yes,High,45893,64,1.5,0.97099,8091.583333333333,-37801.416666666664,1.0
464,100591,38,183280,183280,572,7,Kolkata,Premium,Mobile,2026-03-11 00:00:00,Yes,Medium,28796,46,7.9,1.8328,15273.333333333334,-13522.666666666666,1.0
465,100463,65,107189,107189,685,5,Mumbai,Retail,Branch,2021-09-26 00:00:00,No,Medium,27746,119,3.3,1.07189,8932.416666666666,-18813.583333333336,1.0
466,100437,35,191205,191205,378,0,Pune,SME,Mobile,2025-11-01 00:00:00,Yes,High,9059,142,2.8,1.91205,15933.75,6874.75,1.0
467,100193,45,163496,163496,593,13,Kolkata,Premium,Online,2021-08-23 00:00:00,,Medium,11982,77,4.5,1.63496,13624.666666666666,1642.666666666666,1.0
468,101464,27,139999,139999,645,9,delhi,SME,Branch,unknown,Yes,Medium,9872,82,1.7,1.39999,11666.583333333334,1794.583333333334,1.0
469,100638,50,139999,139999,613,5,Hyderabad,Premium,Mobile,2023-03-28 00:00:00,No,Medium,47705,86,2.8,1.39999,11666.583333333334,-36038.416666666664,1.0
470,100293,53,81985,81985,687,10,Bangalore,Corporate,Online,2024-04-19 00:00:00,No,Medium,11277,145,6.4,0.81985,6832.083333333333,-4444.916666666667,1.0
471,100757,26,220246,220246,420,0,Pune,Corporate,Online,2024-06-22 00:00:00,No,High,48298,110,1.4,2.20246,18353.833333333332,-29944.166666666668,1.0
472,101456,68,175787,175787,375,3,Mumbai,Premium,Mobile,2022-07-14 00:00:00,No,High,28212,8,2.3,1.75787,14648.916666666666,-13563.083333333334,1.0
473,100890,46,60585,60585,651,10,Delhi,SME,Mobile,2025-10-21 00:00:00,No,Medium,47675,74,5.0,0.60585,5048.75,-42626.25,1.0
474,101135,27,139999,139999,370,1,Hyderabad,Premium,Agent,2024-11-17 00:00:00,Yes,High,15776,8,7.8,1.39999,11666.583333333334,-4109.416666666666,1.0
475,101418,60,74811,74811,478,6,Chennai,SME,Mobile,2022-02-21 00:00:00,,High,44852,72,8.0,0.74811,6234.25,-38617.75,1.0
476,100142,65,112266,112266,391,6,Mumbai,Premium,Agent,2022-03-12 00:00:00,Yes,High,33341,49,4.0,1.12266,9355.5,-23985.5,1.0
477,100747,75,192523,192523,447,15,Mumbai,Premium,Mobile,2026-01-20 00:00:00,Yes,High,43447,102,3.1,1.92523,16043.583333333334,-27403.416666666664,1.0
478,100003,46,108560,108560,712,3,Delhi,SME,Mobile,2021-02-21 00:00:00,Yes,Low,26986,120,5.6,1.0856,9046.666666666666,-17939.333333333336,1.0
479,100986,32,248894,248894,708,8,Hyderabad,Retail,Online,2021-09-16 00:00:00,Yes,Low,12227,108,2.5,2.48894,20741.166666666668,8514.166666666668,1.0
480,100577,31,234988,234988,577,12,Mumbai,Premium,Mobile,2022-03-07 00:00:00,No,Medium,1663,126,1.5,2.34988,19582.333333333332,17919.333333333332,1.0
481,101910,56,215731,215731,315,2,Delhi,SME,Agent,2021-09-27 00:00:00,Yes,High,5808,88,3.6,2.15731,17977.583333333332,12169.583333333332,1.0
482,101694,59,87987,87987,685,14,Pune,Premium,Online,2022-04-17 00:00:00,No,Medium,12317,127,6.9,0.87987,7332.25,-4984.75,1.0
483,100340,47,177360,177360,398,2,Bangalore,Premium,Agent,2024-10-11 00:00:00,No,High,44132,4,6.7,1.7736,14780.0,-29352.0,1.0
484,101321,50,219509,219509,440,3,Pune,Premium,Online,2024-11-11 00:00:00,Yes,High,1974,128,8.3,2.19509,18292.416666666668,16318.416666666668,1.0
485,100409,21,149677,149677,529,0,Mumbai,Premium,Agent,2022-01-24 00:00:00,Yes,High,39791,52,9.5,1.49677,12473.083333333334,-27317.916666666664,1.0
486,100837,52,139999,139999,420,4,Chennai,SME,Online,2025-03-04 00:00:00,Yes,High,48458,63,9.6,1.39999,11666.583333333334,-36791.416666666664,1.0
487,100266,43,189053,189053,798,15,Chennai,Retail,Mobile,2022-06-27 00:00:00,Yes,Low,23670,37,2.0,1.89053,15754.416666666666,-7915.583333333334,1.0
488,100377,73,201572,201572,425,5,chennai,Corporate,Agent,2026-03-13 00:00:00,Yes,High,45775,93,1.1,2.01572,16797.666666666668,-28977.333333333332,1.0
489,100713,47,162513,162513,504,13,Pune,Retail,Mobile,2024-02-10 00:00:00,Yes,High,10373,40,9.0,1.62513,13542.75,3169.75,1.0
490,100495,68,239266,239266,550,12,Chennai,Corporate,Mobile,2024-06-06 00:00:00,No,Medium,12802,71,1.6,2.39266,19938.833333333332,7136.833333333332,1.0
491,100440,47,123317,123317,546,10,Mumbai,Premium,Online,2021-09-03 00:00:00,No,High,24646,34,3.9,1.23317,10276.416666666666,-14369.583333333334,1.0
492,100272,72,150816,150816,644,9,Kolkata,Premium,Agent,2024-01-10 00:00:00,No,Medium,32584,19,3.7,1.50816,12568.0,-20016.0,1.0
493,100185,60,184674,184674,552,9,Delhi,Corporate,Agent,2023-08-17 00:00:00,Yes,Medium,47767,112,5.595907928388747,1.84674,15389.5,-32377.5,1.0
494,100974,29,230342,230342,520,12,hyderabad,Corporate,Online,2025-05-19 00:00:00,Yes,High,24646,35,2.7,2.30342,19195.166666666668,-5450.833333333332,1.0
495,100245,19,185831,185831,467,14,Bangalore,value,Online,2022-09-22 00:00:00,Yes,High,49612,83,6.8,1.85831,15485.916666666666,-34126.083333333336,1.0
496,100809,25,56367,56367,834,13,Mumbai,value,Branch,2022-05-26 00:00:00,Yes,Low,14148,134,3.8,0.56367,4697.25,-9450.75,1.0
497,101044,71,95017,95017,593,1,Kolkata,SME,Online,2024-08-19 00:00:00,Yes,Medium,16530,99,3.6,0.95017,7918.083333333333,-8611.916666666668,1.0
498,100536,36,139999,139999,492,10,Pune,Corporate,Branch,2025-08-26 00:00:00,Yes,High,2294,39,6.3,1.39999,11666.583333333334,9372.583333333334,1.0
499,100446,41,139999,139999,521,9,Mumbai,Premium,Agent,2021-03-23 00:00:00,No,High,7964,90,9.7,1.39999,11666.583333333334,3702.583333333334,1.0
500,100618,33,151969,151969,834,9,Chennai,Retail,Branch,2023-02-23 00:00:00,Yes,Low,29454,52,1.4,1.51969,12664.083333333334,-16789.916666666664,1.0
501,101133,54,32788,32788,394,5,Delhi,Premium,Mobile,,Yes,High,21852,20,4.2,0.32788,2732.3333333333335,-19119.666666666668,1.0
502,101129,68,226548,226548,745,15,Bangalore,Premium,Mobile,2025-06-12 00:00:00,Yes,Low,38320,43,1.3,2.26548,18879.0,-19441.0,1.0
503,100527,47,145030,145030,378,8,Bangalore,Retail,Online,2023-09-28 00:00:00,No,High,24646,29,2.1,1.4503,12085.833333333334,-12560.166666666666,1.0
504,100945,27,143947,143947,554,9,Delhi,Retail,Online,2023-08-04 00:00:00,Yes,Medium,42573,16,5.595907928388747,1.43947,11995.583333333334,-30577.416666666664,1.0
505,100611,18,157439,157439,800,15,Bangalore,Corporate,Branch,2025-07-19 00:00:00,Yes,Low,48012,62,5.9,1.57439,13119.916666666666,-34892.083333333336,1.0
506,100705,37,97588,97588,732,2,Mumbai,SME,Branch,2023-11-05 00:00:00,No,Low,35481,146,4.8,0.97588,8132.333333333333,-27348.666666666668,1.0
507,100416,46,111652,111652,682,9,Chennai,Premium,Online,2021-05-05 00:00:00,Yes,Medium,41878,77,1.4,1.11652,9304.333333333334,-32573.666666666664,1.0
508,100274,73,194631,194631,320,3,Hyderabad,Retail,Online,2025-02-03 00:00:00,Yes,High,1300,137,5.9,1.94631,16219.25,14919.25,1.0
509,100756,29,152556,152556,837,0,Mumbai,Premium,Agent,2024-07-20 00:00:00,No,Low,49036,34,1.3,1.52556,12713.0,-36323.0,1.0
510,101517,49,204402,204402,372,12,Hyderabad,Corporate,Agent,2021-03-31 00:00:00,Yes,High,29826,37,5.7,2.04402,17033.5,-12792.5,1.0
511,101484,61,165629,165629,473,12,Chennai,Premium,Mobile,2025-08-08 00:00:00,Yes,High,36338,120,3.9,1.65629,13802.416666666666,-22535.583333333336,1.0
512,100251,47,185081,185081,540,11,chennai,SME,Mobile,2021-06-11 00:00:00,,High,1318,2,4.2,1.85081,15423.416666666666,14105.416666666666,1.0
513,100414,45,201313,201313,783,4,Mumbai,Premium,Mobile,2025-02-15 00:00:00,Yes,Low,22569,60,8.9,2.01313,16776.083333333332,-5792.916666666668,1.0
514,101334,68,37087,37087,738,1,Chennai,Premium,Agent,2023-06-04 00:00:00,Yes,Low,15121,6,8.5,0.37087,3090.5833333333335,-12030.416666666666,1.0
515,100311,47,139999,139999,416,5,Mumbai,Corporate,Branch,2022-05-03 00:00:00,No,High,12811,13,8.1,1.39999,11666.583333333334,-1144.416666666666,1.0
516,101832,24,27659,27659,842,13,Bangalore,Corporate,Mobile,2021-11-13 00:00:00,,Low,48621,74,3.4,0.27659,2304.9166666666665,-46316.083333333336,1.0
517,100580,64,139999,139999,776,10,Hyderabad,Premium,Agent,2024-09-27 00:00:00,Yes,Low,17947,141,2.4,1.39999,11666.583333333334,-6280.416666666666,1.0
518,100426,63,234373,234373,746,13,Hyderabad,SME,Branch,2023-12-24 00:00:00,Yes,Low,15070,88,5.1,2.34373,19531.083333333332,4461.083333333332,1.0
519,101915,66,215001,215001,471,9,,Corporate,Agent,2022-05-03 00:00:00,Yes,High,23898,73,5.8,2.15001,17916.75,-5981.25,1.0
520,101625,59,176426,176426,400,11,Delhi,Premium,Agent,2024-10-31 00:00:00,No,High,3797,51,7.4,1.76426,14702.166666666666,10905.166666666666,1.0
521,100778,25,42727,42727,567,13,Bangalore,SME,Mobile,2023-04-29 00:00:00,No,Medium,9707,94,8.2,0.42727,3560.5833333333335,-6146.416666666666,1.0
522,101802,40,127932,127932,628,6,Delhi,SME,Online,2025-08-15 00:00:00,Yes,High,33796,31,3.6,1.27932,10661.0,-23135.0,1.0
523,101101,32,28631,28631,624,2,Mumbai,Premium,Branch,2022-12-28 00:00:00,Yes,Medium,13411,116,6.0,0.28631,2385.9166666666665,-11025.083333333334,1.0
524,101051,42,49022,49022,771,14,Chennai,SME,Agent,2021-08-05 00:00:00,Yes,Low,11065,68,3.7,0.49022,4085.1666666666665,-6979.833333333334,1.0
525,101543,66,31304,31304,835,3,Bangalore,Corporate,Agent,2023-12-14 00:00:00,Yes,High,24646,19,5.9,0.31304,2608.6666666666665,-22037.333333333332,1.0
526,100584,69,173159,173159,827,3,Mumbai,value,Agent,2024-02-21 00:00:00,Yes,Low,15379,110,9.5,1.73159,14429.916666666666,-949.0833333333339,1.0
527,101084,74,170128,170128,632,7,Pune,SME,Agent,2025-12-11 00:00:00,Yes,Medium,21125,128,5.6,1.70128,14177.333333333334,-6947.666666666666,1.0
528,100183,62,195286,195286,588,10,Mumbai,Corporate,Online,2023-02-21 00:00:00,Yes,Medium,28332,80,3.7,1.95286,16273.833333333334,-12058.166666666666,1.0
529,100171,30,216617,216617,334,1,Kolkata,Premium,Agent,2021-04-07 00:00:00,Yes,High,22003,134,2.7,2.16617,18051.416666666668,-3951.583333333332,1.0
530,100583,63,128409,128409,518,1,Bangalore,value,Mobile,2025-05-17 00:00:00,Yes,High,21167,76,9.7,1.28409,10700.75,-10466.25,1.0
531,101394,60,200006,200006,462,4,Bangalore,Retail,Branch,2022-10-25 00:00:00,Yes,High,32375,119,8.2,2.00006,16667.166666666668,-15707.833333333332,1.0
532,101917,62,120998,120998,770,6,hyderabad,Premium,Online,2022-10-26 00:00:00,No,Low,43585,26,5.7,1.20998,10083.166666666666,-33501.833333333336,1.0
533,101684,55,45074,45074,673,2,Pune,SME,Agent,2026-02-08 00:00:00,Yes,Medium,31006,136,2.7,0.45074,3756.1666666666665,-27249.833333333332,1.0
534,100882,34,44169,44169,419,3,Mumbai,Retail,Mobile,2025-09-02 00:00:00,Yes,High,30866,42,7.3,0.44169,3680.75,-27185.25,1.0
535,100807,37,170282,170282,686,12,Bangalore,value,Online,2021-04-13 00:00:00,No,Medium,2107,63,9.2,1.70282,14190.166666666666,12083.166666666666,1.0
536,100273,28,139999,139999,344,8,Chennai,Premium,Mobile,2025-03-27 00:00:00,Yes,High,24646,91,2.8,1.39999,11666.583333333334,-12979.416666666666,1.0
537,101581,20,103258,103258,306,7,Bangalore,Premium,Agent,2022-04-26 00:00:00,No,High,7275,37,2.0,1.03258,8604.833333333334,1329.833333333334,1.0
538,100716,29,144891,144891,546,3,Bangalore,SME,Mobile,2023-05-12 00:00:00,,High,21591,20,3.7,1.44891,12074.25,-9516.75,1.0
539,101519,47,233526,233526,810,8,Pune,SME,Mobile,2025-03-06 00:00:00,Yes,Low,9940,13,9.4,2.33526,19460.5,9520.5,1.0
540,100372,50,27920,27920,847,6,Hyderabad,Premium,Agent,2024-08-28 00:00:00,Yes,Low,47061,103,7.8,0.2792,2326.6666666666665,-44734.333333333336,1.0
541,100223,25,69859,69859,646,6,Delhi,Premium,Branch,,Yes,Medium,16850,85,6.7,0.69859,5821.583333333333,-11028.416666666668,1.0
542,100746,48,211898,211898,433,5,Delhi,SME,Online,2025-06-14 00:00:00,No,High,34799,24,3.4,2.11898,17658.166666666668,-17140.833333333332,1.0
543,100582,47,225641,225641,478,12,Pune,SME,Mobile,2022-12-26 00:00:00,Yes,High,18978,95,5.595907928388747,2.25641,18803.416666666668,-174.58333333333212,1.0
544,101104,39,245169,245169,596,3,Bangalore,Corporate,Branch,2022-11-29 00:00:00,No,Medium,1506,142,6.1,2.45169,20430.75,18924.75,1.0
545,100519,62,191129,191129,739,4,Bangalore,Retail,Mobile,2025-01-09 00:00:00,Yes,Low,18278,81,3.7,1.91129,15927.416666666666,-2350.583333333334,1.0
546,100335,58,106941,106941,792,5,Chennai,Premium,Branch,2023-04-22 00:00:00,Yes,Low,13546,46,6.3,1.06941,8911.75,-4634.25,1.0
547,101925,42,41288,41288,629,4,Mumbai,Corporate,Branch,2023-12-14 00:00:00,Yes,Medium,43876,65,7.1,0.41288,3440.6666666666665,-40435.333333333336,1.0
548,101335,23,179834,179834,526,9,hyderabad,Retail,Mobile,2025-02-13 00:00:00,Yes,High,1558,121,1.5,1.79834,14986.166666666666,13428.166666666666,1.0
549,101158,51,232367,232367,452,10,,Retail,Branch,2022-01-30 00:00:00,Yes,High,9614,93,4.7,2.32367,19363.916666666668,9749.916666666668,1.0
550,101955,37,174302,174302,830,9,Delhi,Premium,Online,2023-05-24 00:00:00,Yes,Low,32314,96,8.0,1.74302,14525.166666666666,-17788.833333333336,1.0
551,100016,53,89772,89772,577,9,kolkata,Premium,Agent,2024-04-24 00:00:00,Yes,Medium,2449,87,9.8,0.89772,7481.0,5032.0,1.0
552,100702,47,200211,200211,828,0,Chennai,SME,Agent,2025-01-14 00:00:00,Yes,Low,30984,53,10.0,2.00211,16684.25,-14299.75,1.0
553,101860,57,228838,228838,457,8,Delhi,Retail,Agent,2022-07-20 00:00:00,Yes,High,41557,83,3.1,2.28838,19069.833333333332,-22487.166666666668,1.0
554,101872,42,59228,59228,822,0,Mumbai,Retail,Mobile,2021-02-13 00:00:00,Yes,Low,32477,5,9.7,0.59228,4935.666666666667,-27541.333333333332,1.0
555,101720,18,180289,180289,325,13,Hyderabad,SME,Online,2021-03-10 00:00:00,Yes,High,10611,74,3.5,1.80289,15024.083333333334,4413.083333333334,1.0
556,101681,47,58380,58380,819,10,Kolkata,SME,Agent,2025-05-13 00:00:00,Yes,Low,44764,46,3.1,0.5838,4865.0,-39899.0,1.0
557,100937,22,211321,211321,709,2,Bangalore,Retail,Mobile,2024-03-01 00:00:00,Yes,Low,46790,80,1.6,2.11321,17610.083333333332,-29179.916666666668,1.0
558,100466,59,145585,145585,393,3,Chennai,Premium,Agent,2022-09-07 00:00:00,Yes,High,4079,80,7.3,1.45585,12132.083333333334,8053.083333333334,1.0
559,101823,40,47746,47746,473,2,Delhi,Corporate,Agent,2023-01-30 00:00:00,No,High,24646,88,7.5,0.47746,3978.8333333333335,-20667.166666666668,1.0
560,100200,45,109976,109976,570,12,hyderabad,Premium,Mobile,2024-08-05 00:00:00,No,High,43904,51,1.5,1.09976,9164.666666666666,-34739.333333333336,1.0
561,101232,50,145029,145029,337,12,Delhi,Premium,Online,2024-02-17 00:00:00,Yes,High,31027,36,4.8,1.45029,12085.75,-18941.25,1.0
562,101079,43,153563,153563,450,14,bangalore,Retail,Online,,Yes,High,48065,111,2.2,1.53563,12796.916666666666,-35268.083333333336,1.0
563,101351,53,215868,215868,846,1,Hyderabad,Corporate,Agent,2022-07-06 00:00:00,No,Low,10320,49,1.0,2.15868,17989.0,7669.0,1.0
564,101327,19,171451,171451,365,2,Delhi,Premium,Online,2024-01-11 00:00:00,No,High,24354,94,8.4,1.71451,14287.583333333334,-10066.416666666666,1.0
565,101667,60,62711,62711,374,0,Bangalore,SME,Branch,2023-01-06 00:00:00,No,High,36956,54,2.6,0.62711,5225.916666666667,-31730.083333333332,1.0
566,101353,55,117197,117197,816,13,Delhi,SME,Mobile,,No,Low,24834,77,1.3,1.17197,9766.416666666666,-15067.583333333334,1.0
567,101429,66,164401,164401,320,13,Kolkata,Retail,Agent,2021-03-01 00:00:00,Yes,High,16104,53,9.8,1.64401,13700.083333333334,-2403.916666666666,1.0
568,101442,40,108369,108369,342,4,Delhi,value,Mobile,2022-04-06 00:00:00,No,High,38269,140,2.5,1.08369,9030.75,-29238.25,1.0
569,101360,21,215736,215736,536,5,Mumbai,Retail,Online,2023-06-25 00:00:00,No,High,28088,28,7.6,2.15736,17978.0,-10110.0,1.0
570,100693,54,210763,210763,667,10,Mumbai,Retail,Branch,2021-05-24 00:00:00,Yes,Medium,37906,22,6.8,2.10763,17563.583333333332,-20342.416666666668,1.0
571,100589,43,136279,136279,364,7,Chennai,SME,Mobile,2025-03-15 00:00:00,Yes,High,13900,63,6.6,1.36279,11356.583333333334,-2543.416666666666,1.0
572,100044,72,139999,139999,840,9,Mumbai,Retail,Agent,2023-05-16 00:00:00,No,Low,13192,99,2.9,1.39999,11666.583333333334,-1525.416666666666,1.0
573,100275,34,230391,230391,369,13,Kolkata,Retail,Branch,2024-11-13 00:00:00,No,High,29787,69,5.0,2.30391,19199.25,-10587.75,1.0
574,101122,47,121722,121722,778,4,Chennai,Corporate,Branch,2022-05-08 00:00:00,No,High,1369,84,9.7,1.21722,10143.5,8774.5,1.0
575,100102,62,193383,193383,474,1,Hyderabad,SME,Online,2022-07-01 00:00:00,Yes,High,13007,55,9.7,1.93383,16115.25,3108.25,1.0
576,101006,47,206403,206403,370,5,Mumbai,Premium,Mobile,2022-09-30 00:00:00,Yes,High,5194,136,3.2,2.06403,17200.25,12006.25,1.0
577,101310,57,187728,187728,782,13,Pune,SME,Mobile,2025-12-06 00:00:00,Yes,Low,3661,76,4.4,1.87728,15644.0,11983.0,1.0
578,101211,66,95119,95119,718,15,Hyderabad,Corporate,Branch,2022-06-02 00:00:00,Yes,Low,9535,111,6.8,0.95119,7926.583333333333,-1608.416666666667,1.0
579,100108,42,203589,203589,795,13,Hyderabad,Retail,Branch,2024-07-24 00:00:00,Yes,Low,7691,61,8.0,2.03589,16965.75,9274.75,1.0
580,101805,33,249884,249884,432,6,Mumbai,Retail,Agent,2024-12-06 00:00:00,Yes,High,42436,12,7.5,2.49884,20823.666666666668,-21612.333333333332,1.0
581,100498,39,176409,176409,396,3,Delhi,Corporate,Agent,2023-12-20 00:00:00,Yes,High,9192,46,7.6,1.76409,14700.75,5508.75,1.0
582,100675,74,70379,70379,400,10,Hyderabad,Retail,Branch,2022-01-25 00:00:00,Yes,High,18239,3,9.8,0.70379,5864.916666666667,-12374.083333333332,1.0
583,100915,66,112468,112468,642,6,Chennai,value,Branch,2022-07-13 00:00:00,Yes,High,3037,100,4.8,1.12468,9372.333333333334,6335.333333333334,1.0
584,100782,39,119018,119018,638,9,Hyderabad,Premium,Agent,2022-02-03 00:00:00,Yes,Medium,21316,66,2.7,1.19018,9918.166666666666,-11397.833333333334,1.0
585,100728,22,221501,221501,476,1,Delhi,SME,Branch,2025-09-04 00:00:00,Yes,High,24646,79,5.595907928388747,2.21501,18458.416666666668,-6187.583333333332,1.0
586,101132,72,192296,192296,565,7,Kolkata,Corporate,Online,2022-08-26 00:00:00,Yes,High,36793,53,6.7,1.92296,16024.666666666666,-20768.333333333336,1.0
587,101324,50,44873,44873,540,5,Mumbai,SME,Agent,2023-04-05 00:00:00,No,High,27122,129,5.595907928388747,0.44873,3739.4166666666665,-23382.583333333332,1.0
588,101778,61,183588,183588,545,10,Kolkata,Premium,Mobile,2024-10-09 00:00:00,Yes,High,3686,137,2.1,1.83588,15299.0,11613.0,1.0
589,100839,37,200915,200915,496,8,Kolkata,Premium,Mobile,2023-08-31 00:00:00,,High,20365,76,5.595907928388747,2.00915,16742.916666666668,-3622.083333333332,1.0
590,100073,34,93344,93344,523,9,Chennai,SME,Agent,2024-06-20 00:00:00,Yes,High,29574,84,8.8,0.93344,7778.666666666667,-21795.333333333332,1.0
591,100820,50,35756,35756,721,10,Delhi,Corporate,Online,2024-05-04 00:00:00,Yes,Low,20484,83,6.3,0.35756,2979.6666666666665,-17504.333333333332,1.0
592,101240,55,184116,184116,688,1,Kolkata,Corporate,Branch,2025-05-08 00:00:00,No,Medium,42876,140,7.8,1.84116,15343.0,-27533.0,1.0
593,101193,72,84765,84765,503,2,Mumbai,SME,Agent,2022-08-22 00:00:00,Yes,High,37869,139,9.2,0.84765,7063.75,-30805.25,1.0
594,100655,25,139999,139999,355,12,Pune,Retail,Branch,,Yes,High,30013,140,6.2,1.39999,11666.583333333334,-18346.416666666664,1.0
595,100482,63,207958,207958,624,15,Delhi,Retail,Mobile,2022-12-16 00:00:00,No,Medium,31610,88,1.2,2.07958,17329.833333333332,-14280.166666666668,1.0
596,101092,65,78352,78352,767,5,Delhi,Premium,Agent,2023-02-16 00:00:00,Yes,Low,15766,29,9.1,0.78352,6529.333333333333,-9236.666666666668,1.0
597,100507,71,195102,195102,843,1,,Retail,Online,2021-10-03 00:00:00,No,Low,24646,65,4.0,1.95102,16258.5,-8387.5,1.0
598,101602,31,34283,34283,833,10,Pune,Corporate,Mobile,2021-04-05 00:00:00,Yes,Low,49257,39,6.2,0.34283,2856.9166666666665,-46400.083333333336,1.0
599,101853,52,177850,177850,678,15,Chennai,value,Branch,2023-01-23 00:00:00,No,Medium,15522,105,4.9,1.7785,14820.833333333334,-701.1666666666661,1.0
600,100030,29,139999,139999,389,3,Chennai,SME,Mobile,2024-12-07 00:00:00,Yes,High,24646,64,1.0,1.39999,11666.583333333334,-12979.416666666666,1.0
601,100766,57,41014,41014,581,3,Mumbai,Retail,Online,2025-07-10 00:00:00,Yes,Medium,42428,97,5.5,0.41014,3417.8333333333335,-39010.166666666664,1.0
602,101587,51,139999,139999,754,11,Chennai,Premium,Agent,2025-03-10 00:00:00,No,Low,41660,23,2.4,1.39999,11666.583333333334,-29993.416666666664,1.0
603,101011,47,148279,148279,570,8,kolkata,Premium,Branch,2024-03-25 00:00:00,Yes,Medium,16610,77,4.2,1.48279,12356.583333333334,-4253.416666666666,1.0
604,100312,42,157997,157997,566,10,Mumbai,Retail,Online,2022-07-25 00:00:00,Yes,Medium,34070,92,8.3,1.57997,13166.416666666666,-20903.583333333336,1.0
605,100858,27,123540,123540,759,9,Hyderabad,Corporate,Mobile,2022-04-26 00:00:00,Yes,Low,48491,100,2.0,1.2354,10295.0,-38196.0,1.0
606,100406,22,51958,51958,582,8,Chennai,Retail,Agent,2025-01-11 00:00:00,Yes,Medium,36931,98,2.4,0.51958,4329.833333333333,-32601.166666666668,1.0
607,100753,28,106571,106571,633,10,Mumbai,Premium,Branch,2022-08-05 00:00:00,Yes,Medium,18749,43,7.9,1.06571,8880.916666666666,-9868.083333333334,1.0
608,101207,21,114489,114489,587,6,Pune,Premium,Mobile,2023-06-22 00:00:00,Yes,Medium,6053,143,3.8,1.14489,9540.75,3487.75,1.0
609,100310,45,82660,82660,820,5,Mumbai,SME,Branch,2023-11-19 00:00:00,YES,Low,39040,67,3.6,0.8266,6888.333333333333,-32151.666666666668,1.0
610,100227,50,147413,147413,832,14,pune,Retail,Agent,2023-02-05 00:00:00,Yes,Low,19029,148,1.5,1.47413,12284.416666666666,-6744.583333333334,1.0
611,101733,56,139999,139999,554,3,Chennai,Corporate,Branch,2021-09-28 00:00:00,Yes,High,14592,100,8.0,1.39999,11666.583333333334,-2925.416666666666,1.0
612,101815,62,75939,75939,592,15,Pune,Retail,Online,2021-08-26 00:00:00,Yes,Medium,24646,68,3.6,0.75939,6328.25,-18317.75,1.0
613,101560,51,43474,43474,835,2,,Premium,Online,2023-03-26 00:00:00,No,High,40385,82,6.8,0.43474,3622.8333333333335,-36762.166666666664,1.0
614,100856,47,166826,166826,307,2,Pune,Corporate,Agent,2025-01-01 00:00:00,No,High,19667,16,6.3,1.66826,13902.166666666666,-5764.833333333334,1.0
615,101048,57,141981,141981,358,7,Chennai,SME,Mobile,2023-05-11 00:00:00,Yes,High,17807,50,7.4,1.41981,11831.75,-5975.25,1.0
616,100149,57,200136,200136,767,15,Kolkata,Corporate,Online,2023-07-29 00:00:00,Yes,Low,11905,11,3.1,2.00136,16678.0,4773.0,1.0
617,101798,25,112960,112960,796,2,Hyderabad,Corporate,Online,2022-03-30 00:00:00,No,Low,45607,74,4.6,1.1296,9413.333333333334,-36193.666666666664,1.0
618,101081,44,189433,189433,464,1,Bangalore,Retail,Online,2025-08-29 00:00:00,Yes,High,15906,57,1.8,1.89433,15786.083333333334,-119.91666666666606,1.0
619,100862,55,139999,139999,535,4,Pune,Corporate,Agent,unknown,NO,High,5016,78,6.2,1.39999,11666.583333333334,6650.583333333334,1.0
620,100846,32,50592,50592,566,6,Delhi,Corporate,Branch,,Yes,Medium,8623,28,4.0,0.50592,4216.0,-4407.0,1.0
621,101390,47,222149,222149,386,14,Hyderabad,Corporate,Agent,2023-07-21 00:00:00,No,High,25880,76,6.1,2.22149,18512.416666666668,-7367.583333333332,1.0
622,100576,46,198359,198359,739,9,Mumbai,SME,Agent,2023-01-03 00:00:00,Yes,Low,38345,145,9.9,1.98359,16529.916666666668,-21815.083333333332,1.0
623,100558,57,113009,113009,833,13,pune,Retail,Branch,2021-11-02 00:00:00,No,Low,24324,117,2.0,1.13009,9417.416666666666,-14906.583333333334,1.0
624,100722,69,96031,96031,732,5,Delhi,Retail,Online,2021-12-23 00:00:00,Yes,Low,40842,25,8.0,0.96031,8002.583333333333,-32839.416666666664,1.0
625,101913,18,90087,90087,850,1,Delhi,SME,Mobile,2025-06-06 00:00:00,Yes,Low,3944,95,6.9,0.90087,7507.25,3563.25,1.0
626,101988,34,67604,67604,805,14,Kolkata,SME,Online,,Yes,Low,25733,68,1.7,0.67604,5633.666666666667,-20099.333333333332,1.0
627,101732,66,147232,147232,790,8,Bangalore,Premium,Agent,2022-02-16 00:00:00,Yes,Low,13296,144,4.4,1.47232,12269.333333333334,-1026.666666666666,1.0
628,101980,52,160450,160450,402,4,Delhi,SME,Branch,2022-08-27 00:00:00,Yes,High,5527,103,7.8,1.6045,13370.833333333334,7843.833333333334,1.0
629,100994,55,211749,211749,611,7,delhi,Retail,Mobile,,Yes,High,36425,9,8.4,2.11749,17645.75,-18779.25,1.0
630,100287,26,139999,139999,815,3,Pune,Retail,Branch,2021-09-05 00:00:00,Yes,Low,36196,8,1.8,1.39999,11666.583333333334,-24529.416666666664,1.0
631,101636,26,113664,113664,528,15,Mumbai,Corporate,Mobile,2022-06-07 00:00:00,Yes,High,33662,66,1.7,1.13664,9472.0,-24190.0,1.0
632,101722,70,57994,57994,425,5,Chennai,Premium,Branch,2023-01-18 00:00:00,Yes,High,38384,111,9.2,0.57994,4832.833333333333,-33551.166666666664,1.0
633,100629,52,178515,178515,429,4,Chennai,Corporate,Agent,not_a_date,No,High,24646,69,8.0,1.78515,14876.25,-9769.75,1.0
634,100599,27,92203,92203,315,14,Kolkata,Corporate,Mobile,2023-04-25 00:00:00,Yes,High,26074,131,3.7,0.92203,7683.583333333333,-18390.416666666668,1.0
635,100966,56,202731,202731,339,13,Mumbai,Premium,Online,2021-02-09 00:00:00,Yes,High,16017,15,3.2,2.02731,16894.25,877.25,1.0
636,101594,63,139999,139999,355,2,Delhi,Premium,Mobile,2025-11-23 00:00:00,No,High,21600,39,7.6,1.39999,11666.583333333334,-9933.416666666666,1.0
637,101669,21,36116,36116,361,7,Kolkata,value,Branch,2022-08-29 00:00:00,No,High,22618,3,8.4,0.36116,3009.6666666666665,-19608.333333333332,1.0
638,101619,19,196033,196033,584,15,Chennai,Corporate,Online,2021-12-25 00:00:00,Yes,Medium,23273,84,6.8,1.96033,16336.083333333334,-6936.916666666666,1.0
639,101076,51,35749,35749,545,1,Kolkata,Corporate,Online,2024-04-28 00:00:00,Yes,High,24918,124,6.1,0.35749,2979.0833333333335,-21938.916666666668,1.0
640,101256,19,118980,118980,367,1,Mumbai,Corporate,Agent,2021-07-23 00:00:00,No,High,27811,147,6.1,1.1898,9915.0,-17896.0,1.0
641,100835,54,139999,139999,384,7,Mumbai,Corporate,Agent,2026-01-12 00:00:00,Yes,High,703,86,9.7,1.39999,11666.583333333334,10963.583333333334,1.0
642,100938,55,204967,204967,713,8,Pune,Premium,Agent,2024-09-19 00:00:00,Yes,Low,47767,138,9.1,2.04967,17080.583333333332,-30686.416666666668,1.0
643,100783,69,139999,139999,808,7,Mumbai,Retail,Branch,2025-01-11 00:00:00,No,Low,5393,146,5.3,1.39999,11666.583333333334,6273.583333333334,1.0
644,101230,36,55841,55841,701,13,Kolkata,Retail,Online,2022-05-24 00:00:00,Yes,Low,24646,76,6.1,0.55841,4653.416666666667,-19992.583333333332,1.0
645,101853,52,177850,177850,678,15,Chennai,value,Branch,2023-01-23 00:00:00,No,Medium,15522,105,4.9,1.7785,14820.833333333334,-701.1666666666661,1.0
646,100610,47,28712,28712,737,11,Kolkata,Premium,Online,2025-02-14 00:00:00,No,Low,17045,81,7.3,0.28712,2392.6666666666665,-14652.333333333334,1.0
647,101432,75,79220,79220,345,9,Chennai,Retail,Branch,2025-06-25 00:00:00,Yes,High,42261,81,1.6,0.7922,6601.666666666667,-35659.333333333336,1.0
648,100825,61,150703,150703,313,6,Mumbai,Premium,Online,2024-06-08 00:00:00,Yes,High,31457,84,2.3,1.50703,12558.583333333334,-18898.416666666664,1.0
649,101451,40,67963,67963,570,5,Chennai,Premium,Mobile,2023-10-18 00:00:00,Yes,High,35739,55,2.6,0.67963,5663.583333333333,-30075.416666666668,1.0
650,101037,64,124853,124853,812,6,Delhi,Retail,Mobile,2022-12-13 00:00:00,Yes,Low,20523,118,4.4,1.24853,10404.416666666666,-10118.583333333334,1.0
651,100494,39,156691,156691,721,12,Kolkata,Retail,Mobile,2022-09-12 00:00:00,Yes,Low,44788,100,3.0,1.56691,13057.583333333334,-31730.416666666664,1.0
652,101588,52,55651,55651,575,14,Pune,Retail,Mobile,2021-07-05 00:00:00,Yes,Medium,23445,28,7.2,0.55651,4637.583333333333,-18807.416666666668,1.0
653,100278,22,60488,60488,850,2,Bangalore,SME,Online,2022-10-01 00:00:00,No,High,30996,48,7.2,0.60488,5040.666666666667,-25955.333333333332,1.0
654,101886,72,167312,167312,337,5,Hyderabad,Retail,Agent,2024-04-15 00:00:00,No,High,16106,26,6.0,1.67312,13942.666666666666,-2163.333333333334,1.0
655,100359,42,53380,53380,841,6,Chennai,Corporate,Branch,2022-07-25 00:00:00,No,High,44575,89,9.4,0.5338,4448.333333333333,-40126.666666666664,1.0
656,101673,62,157970,157970,554,13,Mumbai,Retail,Branch,2025-08-27 00:00:00,No,Medium,7588,86,1.9,1.5797,13164.166666666666,5576.166666666666,1.0
657,100237,58,129101,129101,357,8,Chennai,SME,Agent,2022-10-26 00:00:00,No,High,3674,125,3.6,1.29101,10758.416666666666,7084.416666666666,1.0
658,100552,64,149398,149398,668,12,Hyderabad,Corporate,Agent,2021-01-20 00:00:00,Yes,Medium,34965,106,8.5,1.49398,12449.833333333334,-22515.166666666664,1.0
659,101907,27,122136,122136,515,14,Chennai,Corporate,Online,2024-09-15 00:00:00,Yes,High,24646,133,3.4,1.22136,10178.0,-14468.0,1.0
660,100931,72,212226,212226,439,7,Mumbai,Retail,Online,2024-06-28 00:00:00,No,High,2773,33,2.4,2.12226,17685.5,14912.5,1.0
661,100209,45,140672,140672,651,1,Chennai,SME,Branch,2025-11-29 00:00:00,Yes,Medium,14799,13,2.4,1.40672,11722.666666666666,-3076.333333333334,1.0
662,101415,50,215864,215864,446,2,Kolkata,SME,Online,2023-06-25 00:00:00,Yes,High,43879,137,7.9,2.15864,17988.666666666668,-25890.333333333332,1.0
663,101592,49,92263,92263,300,0,Pune,Retail,Online,not_a_date,No,High,14313,47,6.0,0.92263,7688.583333333333,-6624.416666666667,1.0
664,100059,75,189202,189202,495,11,Mumbai,Retail,Online,2022-06-26 00:00:00,Yes,High,36123,57,8.9,1.89202,15766.833333333334,-20356.166666666664,1.0
665,100632,68,134834,134834,846,7,Kolkata,Premium,Branch,2025-11-20 00:00:00,,Low,27872,59,7.2,1.34834,11236.166666666666,-16635.833333333336,1.0
666,101616,53,52624,52624,320,14,Mumbai,SME,Mobile,2025-06-12 00:00:00,Yes,High,40038,56,6.9,0.52624,4385.333333333333,-35652.666666666664,1.0
667,101899,70,151888,151888,686,14,Chennai,Corporate,Mobile,2025-10-25 00:00:00,Yes,Medium,8253,93,4.7,1.51888,12657.333333333334,4404.333333333334,1.0
668,101609,24,121468,121468,591,3,Delhi,Retail,Branch,2023-06-02 00:00:00,No,Medium,20709,108,7.6,1.21468,10122.333333333334,-10586.666666666666,1.0
669,100364,19,139994,139994,531,4,Mumbai,Retail,Online,2021-06-04 00:00:00,Yes,High,45513,136,6.8,1.39994,11666.166666666666,-33846.833333333336,1.0
670,100506,32,236968,236968,358,12,Mumbai,SME,Online,2025-12-04 00:00:00,Yes,High,18979,69,1.7,2.36968,19747.333333333332,768.3333333333321,1.0
671,101493,41,188663,188663,547,8,Hyderabad,Retail,Branch,2023-09-30 00:00:00,No,High,32863,9,1.6,1.88663,15721.916666666666,-17141.083333333336,1.0
672,101147,42,165938,165938,829,0,Chennai,SME,Mobile,2024-02-02 00:00:00,Yes,Low,24312,15,5.595907928388747,1.65938,13828.166666666666,-10483.833333333334,1.0
673,101709,27,157197,157197,651,6,Mumbai,SME,Branch,2025-09-13 00:00:00,No,Medium,17860,79,3.5,1.57197,13099.75,-4760.25,1.0
674,101885,47,120028,120028,616,8,Hyderabad,Premium,Agent,2022-03-01 00:00:00,Yes,Medium,24646,144,10.0,1.20028,10002.333333333334,-14643.666666666666,1.0
675,101647,27,207779,207779,331,0,Delhi,Premium,Branch,2021-06-01 00:00:00,No,High,6575,76,5.595907928388747,2.07779,17314.916666666668,10739.916666666668,1.0
676,101406,43,109730,109730,818,8,Hyderabad,value,Branch,2023-04-27 00:00:00,No,Low,18393,76,4.2,1.0973,9144.166666666666,-9248.833333333334,1.0
677,101007,55,53141,53141,570,1,Hyderabad,Corporate,Agent,2021-08-10 00:00:00,Yes,High,24646,142,9.1,0.53141,4428.416666666667,-20217.583333333332,1.0
678,100119,18,139999,139999,300,7,Pune,SME,Agent,2024-11-10 00:00:00,Yes,High,42124,12,9.5,1.39999,11666.583333333334,-30457.416666666664,1.0
679,101275,22,91912,91912,617,2,Chennai,Corporate,Mobile,2023-08-21 00:00:00,No,Medium,43137,3,6.5,0.91912,7659.333333333333,-35477.666666666664,1.0
680,100793,61,217018,217018,545,12,Kolkata,Corporate,Online,2026-01-03 00:00:00,Yes,High,42061,64,5.8,2.17018,18084.833333333332,-23976.166666666668,1.0
681,100523,64,70272,70272,470,15,Mumbai,Premium,Mobile,2024-07-22 00:00:00,Yes,High,19119,29,3.8,0.70272,5856.0,-13263.0,1.0
682,100514,61,89178,89178,617,14,Chennai,Premium,Online,2021-11-15 00:00:00,No,Medium,38202,45,4.4,0.89178,7431.5,-30770.5,1.0
683,100082,21,192581,192581,352,4,Bangalore,Premium,Mobile,2024-09-16 00:00:00,Yes,High,44178,116,6.6,1.92581,16048.416666666666,-28129.583333333336,1.0
684,100939,20,161728,161728,481,2,pune,Retail,Branch,2021-02-25 00:00:00,Yes,High,47965,14,1.3,1.61728,13477.333333333334,-34487.666666666664,1.0
685,101042,48,218021,218021,389,0,Delhi,Corporate,Branch,2021-05-22 00:00:00,Yes,High,27689,45,6.5,2.18021,18168.416666666668,-9520.583333333332,1.0
686,100381,34,186099,186099,837,6,Kolkata,Retail,Branch,2021-12-07 00:00:00,No,Low,1928,139,7.8,1.86099,15508.25,13580.25,1.0
687,101822,34,97954,97954,802,14,Kolkata,SME,Branch,2023-07-19 00:00:00,Yes,Low,17696,78,4.5,0.97954,8162.833333333333,-9533.166666666668,1.0
688,101833,47,111516,111516,531,3,Delhi,Corporate,Online,2025-12-19 00:00:00,Yes,High,11130,65,3.0,1.11516,9293.0,-1837.0,1.0
689,100085,35,174859,174859,629,7,Bangalore,Retail,Online,2022-08-16 00:00:00,No,Medium,5725,145,7.9,1.74859,14571.583333333334,8846.583333333334,1.0
690,101712,43,33438,33438,629,0,Mumbai,Retail,Mobile,2021-07-18 00:00:00,,Medium,46708,45,7.4,0.33438,2786.5,-43921.5,1.0
691,101531,47,147788,147788,725,5,Hyderabad,Corporate,Branch,2023-10-12 00:00:00,Yes,Low,1177,77,3.5,1.47788,12315.666666666666,11138.666666666666,1.0
692,100330,22,202235,202235,496,4,Pune,Corporate,Online,2021-07-18 00:00:00,Yes,High,40195,142,4.7,2.02235,16852.916666666668,-23342.083333333332,1.0
693,100007,38,42602,42602,330,4,Hyderabad,Retail,Mobile,2022-04-03 00:00:00,Yes,High,28274,138,8.5,0.42602,3550.1666666666665,-24723.833333333332,1.0
694,101188,47,241739,241739,850,0,Bangalore,Premium,Agent,2021-09-17 00:00:00,No,Low,24646,10,7.3,2.41739,20144.916666666668,-4501.083333333332,1.0
695,101271,52,133821,133821,421,8,Chennai,SME,Branch,2023-04-17 00:00:00,Yes,High,12546,79,5.8,1.33821,11151.75,-1394.25,1.0
696,101819,47,139999,139999,705,3,Hyderabad,Retail,Agent,2024-01-06 00:00:00,Yes,Low,10926,112,3.5,1.39999,11666.583333333334,740.5833333333339,1.0
697,100907,72,160509,160509,829,3,Pune,SME,Online,2025-02-13 00:00:00,Yes,Low,6662,135,4.9,1.60509,13375.75,6713.75,1.0
698,100452,19,89674,89674,633,7,Delhi,SME,Mobile,2024-03-03 00:00:00,Yes,Medium,37848,40,3.2,0.89674,7472.833333333333,-30375.166666666668,1.0
699,100491,19,108310,108310,577,8,Hyderabad,Premium,Mobile,2025-09-04 00:00:00,No,Medium,29344,133,8.5,1.0831,9025.833333333334,-20318.166666666664,1.0
700,101512,45,55682,55682,458,1,Kolkata,Retail,Branch,2023-02-24 00:00:00,Yes,High,3263,138,7.3,0.55682,4640.166666666667,1377.166666666667,1.0
701,100288,23,139999,139999,490,2,Pune,Premium,Mobile,2022-05-23 00:00:00,Yes,High,13133,62,1.2,1.39999,11666.583333333334,-1466.416666666666,1.0
702,100944,54,54984,54984,549,11,Hyderabad,Premium,Agent,2025-11-11 00:00:00,Yes,High,28154,146,1.4,0.54984,4582.0,-23572.0,1.0
703,100100,47,228617,228617,421,11,,SME,Online,2022-03-06 00:00:00,,High,32979,112,3.4,2.28617,19051.416666666668,-13927.583333333332,1.0
704,101396,22,82775,82775,649,10,Delhi,SME,Branch,2025-05-02 00:00:00,Yes,Medium,36100,10,7.5,0.82775,6897.916666666667,-29202.083333333332,1.0
705,101868,66,77142,77142,473,8,Delhi,Retail,Mobile,2022-03-11 00:00:00,No,High,24646,4,8.1,0.77142,6428.5,-18217.5,1.0
706,101757,51,201168,201168,405,12,Pune,value,Agent,2021-10-16 00:00:00,No,High,30022,148,2.3,2.01168,16764.0,-13258.0,1.0
707,101305,42,192807,192807,576,1,Hyderabad,Premium,Online,2025-08-20 00:00:00,Yes,Medium,20282,40,4.7,1.92807,16067.25,-4214.75,1.0
708,101736,71,139999,139999,563,8,Bangalore,Corporate,Online,2025-11-30 00:00:00,Yes,Medium,974,67,7.6,1.39999,11666.583333333334,10692.583333333334,1.0
709,101953,21,103002,103002,372,5,,SME,Mobile,2025-10-02 00:00:00,No,High,40691,35,6.9,1.03002,8583.5,-32107.5,1.0
710,101467,70,139999,139999,535,13,Bangalore,Premium,Mobile,2026-03-03 00:00:00,Yes,High,39459,53,6.5,1.39999,11666.583333333334,-27792.416666666664,1.0
711,101341,59,138175,138175,312,4,Bangalore,Corporate,Online,2022-04-14 00:00:00,No,High,21389,30,6.4,1.38175,11514.583333333334,-9874.416666666666,1.0
712,101112,62,139999,139999,704,5,Bangalore,SME,Mobile,2021-01-21 00:00:00,No,Low,18130,125,5.595907928388747,1.39999,11666.583333333334,-6463.416666666666,1.0
713,101689,55,211733,211733,413,13,Kolkata,Retail,Online,2026-01-26 00:00:00,Yes,High,43150,20,9.2,2.11733,17644.416666666668,-25505.583333333332,1.0
714,100328,65,125734,125734,505,6,Delhi,SME,Agent,2022-01-25 00:00:00,Yes,High,19698,47,5.5,1.25734,10477.833333333334,-9220.166666666666,1.0
715,100443,20,139999,139999,787,3,Delhi,Premium,Branch,2022-05-20 00:00:00,Yes,Low,40792,118,8.0,1.39999,11666.583333333334,-29125.416666666664,1.0
716,101660,19,235129,235129,456,0,Mumbai,SME,Agent,2023-02-27 00:00:00,No,High,42512,54,7.7,2.35129,19594.083333333332,-22917.916666666668,1.0
717,101103,73,67080,67080,341,4,Mumbai,Premium,Agent,2022-06-14 00:00:00,Yes,High,32389,53,3.9,0.6708,5590.0,-26799.0,1.0
718,101488,42,190814,190814,785,14,Bangalore,Corporate,Online,2022-09-04 00:00:00,Yes,Low,8600,46,1.6,1.90814,15901.166666666666,7301.166666666666,1.0
719,101461,26,142666,142666,686,1,Chennai,Retail,Agent,2022-05-15 00:00:00,,Medium,7991,9,10.0,1.42666,11888.833333333334,3897.833333333334,1.0
720,100178,21,200485,200485,739,11,,SME,Mobile,2024-10-25 00:00:00,Yes,Low,13733,63,4.2,2.00485,16707.083333333332,2974.083333333332,1.0
721,100786,42,56910,56910,491,11,Hyderabad,Retail,Mobile,2023-10-10 00:00:00,,High,27098,21,4.8,0.5691,4742.5,-22355.5,1.0
722,101385,62,80506,80506,672,12,Hyderabad,SME,Agent,2023-04-01 00:00:00,Yes,Medium,42472,28,4.5,0.80506,6708.833333333333,-35763.166666666664,1.0
723,100087,61,204917,204917,422,10,Chennai,Retail,Mobile,2025-10-18 00:00:00,Yes,High,25274,91,10.0,2.04917,17076.416666666668,-8197.583333333332,1.0
724,101437,31,246178,246178,422,7,Bangalore,Corporate,Online,2024-02-03 00:00:00,No,High,49200,94,5.4,2.46178,20514.833333333332,-28685.166666666668,1.0
725,101940,54,135155,135155,452,15,Kolkata,SME,Branch,2021-03-30 00:00:00,Yes,High,21293,65,2.5,1.35155,11262.916666666666,-10030.083333333334,1.0
726,100458,47,146750,146750,849,7,Delhi,value,Branch,2025-01-06 00:00:00,Yes,Low,23120,15,5.0,1.4675,12229.166666666666,-10890.833333333334,1.0
727,101867,73,139999,139999,722,14,Pune,SME,Agent,2024-09-19 00:00:00,No,Low,3634,84,4.9,1.39999,11666.583333333334,8032.583333333334,1.0
728,100055,21,223747,223747,485,10,Hyderabad,Retail,Mobile,2023-01-06 00:00:00,No,High,14062,53,5.5,2.23747,18645.583333333332,4583.583333333332,1.0
729,101533,36,51928,51928,366,5,Hyderabad,Retail,Branch,2021-09-16 00:00:00,No,High,14410,97,1.7,0.51928,4327.333333333333,-10082.666666666668,1.0
730,100644,30,26177,26177,479,11,Chennai,Corporate,Online,2022-07-26 00:00:00,Yes,High,24646,87,6.2,0.26177,2181.4166666666665,-22464.583333333332,1.0
731,100678,54,202953,202953,416,1,Bangalore,Corporate,Online,2024-12-22 00:00:00,Yes,High,31783,112,2.3,2.02953,16912.75,-14870.25,1.0
732,100222,23,139999,139999,639,11,Mumbai,Premium,Online,2024-08-01 00:00:00,No,Medium,14970,12,9.4,1.39999,11666.583333333334,-3303.416666666666,1.0
733,100114,18,26435,26435,525,4,bangalore,Premium,Branch,2023-08-05 00:00:00,Yes,High,30630,32,7.8,0.26435,2202.9166666666665,-28427.083333333332,1.0
734,101161,57,139999,139999,735,11,Chennai,Premium,Mobile,2025-03-02 00:00:00,Yes,Low,11142,143,3.0,1.39999,11666.583333333334,524.5833333333339,1.0
735,101337,20,125483,125483,741,6,Bangalore,Corporate,Branch,2024-05-21 00:00:00,Yes,Low,8900,50,8.2,1.25483,10456.916666666666,1556.916666666666,1.0
736,101030,47,96229,96229,554,11,Chennai,Retail,Agent,2024-05-14 00:00:00,Yes,Medium,38691,79,8.3,0.96229,8019.083333333333,-30671.916666666668,1.0
737,100175,66,233330,233330,673,10,Pune,SME,Branch,2024-07-09 00:00:00,No,Medium,41695,89,1.9,2.3333,19444.166666666668,-22250.833333333332,1.0
738,100808,45,41456,41456,677,15,Chennai,Retail,Agent,2024-02-16 00:00:00,Yes,Medium,41132,85,4.8,0.41456,3454.6666666666665,-37677.333333333336,1.0
739,100590,65,228532,228532,470,7,Delhi,Premium,Online,2021-11-13 00:00:00,No,High,42773,28,1.0,2.28532,19044.333333333332,-23728.666666666668,1.0
740,101987,35,231940,231940,420,14,Chennai,Retail,Branch,2024-12-08 00:00:00,No,High,13958,40,9.4,2.3194,19328.333333333332,5370.333333333332,1.0
741,100019,20,106121,106121,407,13,Hyderabad,Premium,Mobile,2021-03-03 00:00:00,Yes,High,6402,145,5.8,1.06121,8843.416666666666,2441.416666666666,1.0
742,100424,46,182795,182795,415,8,Delhi,SME,Agent,2026-02-26 00:00:00,Yes,High,17177,38,4.7,1.82795,15232.916666666666,-1944.083333333334,1.0
743,101982,75,137082,137082,497,11,Pune,SME,Mobile,2023-11-02 00:00:00,Yes,High,10643,140,1.6,1.37082,11423.5,780.5,1.0
744,100286,50,31368,31368,314,14,Kolkata,Corporate,Agent,2023-07-14 00:00:00,Yes,High,33257,25,7.6,0.31368,2614.0,-30643.0,1.0
745,101615,36,212772,212772,365,5,,SME,Branch,2024-10-28 00:00:00,Yes,High,33651,22,3.4,2.12772,17731.0,-15920.0,1.0
746,100429,52,113397,113397,616,8,Bangalore,SME,Online,2023-11-07 00:00:00,Yes,Medium,12668,76,9.6,1.13397,9449.75,-3218.25,1.0
747,101541,71,162660,162660,703,9,Chennai,Corporate,Agent,2023-06-21 00:00:00,Yes,Low,13015,142,4.6,1.6266,13555.0,540.0,1.0
748,101420,61,153046,153046,302,9,Kolkata,Corporate,Branch,2024-01-30 00:00:00,Yes,High,8619,13,7.8,1.53046,12753.833333333334,4134.833333333334,1.0
749,100670,46,81088,81088,743,10,Bangalore,Corporate,Agent,2023-11-14 00:00:00,Yes,Low,43609,119,6.8,0.81088,6757.333333333333,-36851.666666666664,1.0
750,100032,39,165975,165975,343,6,Delhi,Premium,Agent,2023-05-10 00:00:00,No,High,11089,41,5.3,1.65975,13831.25,2742.25,1.0
751,101995,73,219387,219387,741,12,,value,Online,2025-01-16 00:00:00,Yes,Low,5330,124,8.2,2.19387,18282.25,12952.25,1.0
752,100723,36,67668,67668,637,5,Bangalore,value,Agent,2024-06-14 00:00:00,Yes,Medium,16497,4,2.6,0.67668,5639.0,-10858.0,1.0
753,101166,58,179960,179960,670,15,Pune,SME,Branch,2022-01-28 00:00:00,No,Medium,4344,100,6.1,1.7996,14996.666666666666,10652.666666666666,1.0
754,100215,44,107970,107970,765,9,Bangalore,SME,Agent,2023-11-06 00:00:00,NO,Low,12618,19,7.2,1.0797,8997.5,-3620.5,1.0
755,101924,54,163923,163923,468,14,Kolkata,Premium,Mobile,not_a_date,Yes,High,46647,71,2.3,1.63923,13660.25,-32986.75,1.0
756,101272,47,28754,28754,316,11,Chennai,SME,Mobile,,Yes,High,6894,36,3.8,0.28754,2396.1666666666665,-4497.833333333334,1.0
757,100327,18,49826,49826,450,11,Bangalore,Premium,Online,2023-04-14 00:00:00,No,High,27311,30,9.2,0.49826,4152.166666666667,-23158.833333333332,1.0
758,100561,18,237112,237112,425,3,Kolkata,value,Branch,2025-09-06 00:00:00,No,High,29828,64,6.7,2.37112,19759.333333333332,-10068.666666666668,1.0
759,101138,34,232888,232888,391,13,Mumbai,Corporate,Mobile,2024-09-21 00:00:00,No,High,31532,77,7.6,2.32888,19407.333333333332,-12124.666666666668,1.0
760,100701,58,139014,139014,381,13,kolkata,Corporate,Mobile,2021-09-13 00:00:00,No,High,42546,22,3.8,1.39014,11584.5,-30961.5,1.0
761,100775,54,213856,213856,429,9,,Corporate,Mobile,2025-04-23 00:00:00,,High,673,78,5.595907928388747,2.13856,17821.333333333332,17148.333333333332,1.0
762,101976,64,182584,182584,703,0,Chennai,Corporate,Online,2022-10-28 00:00:00,Yes,Low,26128,114,4.7,1.82584,15215.333333333334,-10912.666666666666,1.0
763,100342,47,61877,61877,624,10,Bangalore,Premium,Branch,2024-08-16 00:00:00,Yes,Medium,19689,34,1.3,0.61877,5156.416666666667,-14532.583333333332,1.0
764,100630,50,104973,104973,633,1,Mumbai,Retail,Branch,2025-08-08 00:00:00,Yes,Medium,37879,134,4.6,1.04973,8747.75,-29131.25,1.0
765,100148,61,148786,148786,570,0,Delhi,Retail,Branch,2024-08-09 00:00:00,Yes,High,27008,135,3.7,1.48786,12398.833333333334,-14609.166666666666,1.0
766,101223,62,101971,101971,445,5,Kolkata,Premium,Online,2021-04-20 00:00:00,Yes,High,17025,132,5.1,1.01971,8497.583333333334,-8527.416666666666,1.0
767,100361,35,27356,27356,604,1,,Corporate,Mobile,2022-05-27 00:00:00,Yes,Medium,2231,110,6.7,0.27356,2279.6666666666665,48.666666666666515,1.0
768,100084,46,117241,117241,570,13,Hyderabad,Premium,Online,2025-05-03 00:00:00,Yes,Low,24646,126,8.6,1.17241,9770.083333333334,-14875.916666666666,1.0
769,100049,68,248180,248180,471,3,Mumbai,Premium,Online,2025-04-13 00:00:00,No,High,19454,74,9.7,2.4818,20681.666666666668,1227.6666666666679,1.0
770,100469,52,44816,44816,744,6,Delhi,Premium,Mobile,2025-03-20 00:00:00,Yes,Low,3392,83,4.5,0.44816,3734.6666666666665,342.6666666666665,1.0
771,100156,64,36745,36745,570,1,Pune,Premium,Branch,2024-01-09 00:00:00,Yes,Low,2656,71,9.0,0.36745,3062.0833333333335,406.0833333333335,1.0
772,101125,35,88936,88936,470,11,Hyderabad,SME,Mobile,2024-08-15 00:00:00,Yes,High,28574,16,9.4,0.88936,7411.333333333333,-21162.666666666668,1.0
773,101054,20,247084,247084,538,8,Kolkata,SME,Agent,2024-07-25 00:00:00,Yes,High,30981,63,8.1,2.47084,20590.333333333332,-10390.666666666668,1.0
774,101226,23,123989,123989,381,0,Bangalore,Premium,Branch,2025-07-20 00:00:00,Yes,High,5050,76,1.9,1.23989,10332.416666666666,5282.416666666666,1.0
775,101842,47,164544,164544,692,3,Chennai,Premium,Online,2021-03-09 00:00:00,Yes,High,21296,44,1.6,1.64544,13712.0,-7584.0,1.0
776,101468,43,169565,169565,325,2,Delhi,Premium,Branch,,Yes,High,16058,114,4.9,1.69565,14130.416666666666,-1927.583333333334,1.0
777,101761,70,227041,227041,568,0,Mumbai,Retail,Agent,2024-10-17 00:00:00,Yes,Medium,45631,90,6.4,2.27041,18920.083333333332,-26710.916666666668,1.0
778,100501,39,203686,203686,431,11,Delhi,Corporate,Branch,2025-08-01 00:00:00,Yes,High,7284,74,6.1,2.03686,16973.833333333332,9689.833333333332,1.0
779,101801,34,137782,137782,509,8,Hyderabad,Premium,Mobile,2024-07-25 00:00:00,Yes,High,19528,62,8.5,1.37782,11481.833333333334,-8046.166666666666,1.0
780,100180,54,122883,122883,574,6,Hyderabad,Premium,Agent,2024-05-06 00:00:00,Yes,Medium,49305,41,9.8,1.22883,10240.25,-39064.75,1.0
781,101671,75,156354,156354,401,13,Hyderabad,value,Branch,2022-08-28 00:00:00,Yes,High,2866,6,5.7,1.56354,13029.5,10163.5,1.0
782,101792,66,211368,211368,350,4,Mumbai,SME,Branch,2024-06-22 00:00:00,No,High,31529,115,4.1,2.11368,17614.0,-13915.0,1.0
783,100860,33,127747,127747,825,0,Mumbai,Retail,Online,2022-11-19 00:00:00,Yes,Low,11539,62,6.3,1.27747,10645.583333333334,-893.4166666666661,1.0
784,100910,47,246427,246427,734,3,Hyderabad,Retail,Agent,2024-05-20 00:00:00,Yes,Low,27113,134,5.5,2.46427,20535.583333333332,-6577.416666666668,1.0
785,101182,23,139999,139999,318,3,Mumbai,Premium,Branch,2023-01-10 00:00:00,No,High,14904,79,10.0,1.39999,11666.583333333334,-3237.416666666666,1.0
786,101651,40,82828,82828,661,11,Bangalore,Premium,Agent,2022-09-05 00:00:00,No,Medium,40774,76,6.5,0.82828,6902.333333333333,-33871.666666666664,1.0
787,100529,30,162710,162710,798,6,Hyderabad,Premium,Mobile,2026-01-29 00:00:00,Yes,High,24327,23,9.0,1.6271,13559.166666666666,-10767.833333333334,1.0
788,100347,69,166398,166398,683,13,Pune,Corporate,Branch,2022-11-26 00:00:00,Yes,Medium,22202,138,7.6,1.66398,13866.5,-8335.5,1.0
789,101655,68,177110,177110,328,13,Mumbai,Corporate,Mobile,2022-05-28 00:00:00,No,High,19161,27,5.2,1.7711,14759.166666666666,-4401.833333333334,1.0
790,101861,43,204272,204272,368,10,Hyderabad,Corporate,Mobile,2022-01-24 00:00:00,No,High,30335,41,2.7,2.04272,17022.666666666668,-13312.333333333332,1.0
791,101978,66,111795,111795,736,7,Chennai,Premium,Mobile,2024-05-08 00:00:00,Yes,Low,585,114,4.9,1.11795,9316.25,8731.25,1.0
792,101119,64,32099,32099,444,7,Mumbai,Retail,Agent,2023-09-28 00:00:00,No,High,24085,24,5.595907928388747,0.32099,2674.9166666666665,-21410.083333333332,1.0
793,101038,74,56174,56174,466,10,Kolkata,Corporate,Agent,2023-12-28 00:00:00,NO,High,14929,109,9.4,0.56174,4681.166666666667,-10247.833333333332,1.0
794,100602,53,139999,139999,309,11,Mumbai,Corporate,Mobile,2025-02-17 00:00:00,Yes,High,43903,105,9.1,1.39999,11666.583333333334,-32236.416666666664,1.0
795,101909,47,34885,34885,807,14,Hyderabad,value,Online,2021-02-22 00:00:00,Yes,Low,1263,53,4.8,0.34885,2907.0833333333335,1644.0833333333335,1.0
796,100244,56,107503,107503,374,14,Mumbai,Retail,Agent,2025-07-11 00:00:00,Yes,High,4171,22,3.9,1.07503,8958.583333333334,4787.583333333334,1.0
797,100924,50,56750,56750,824,3,Hyderabad,Premium,Agent,not_a_date,No,Low,11358,102,7.3,0.5675,4729.166666666667,-6628.833333333333,1.0
798,101091,47,142360,142360,719,6,delhi,SME,Online,2024-09-30 00:00:00,,Low,2695,103,7.1,1.4236,11863.333333333334,9168.333333333334,1.0
799,101506,47,206098,206098,641,8,Hyderabad,Corporate,Mobile,2022-10-22 00:00:00,No,Medium,16741,44,4.2,2.06098,17174.833333333332,433.8333333333321,1.0
800,100313,67,240048,240048,784,10,Kolkata,Retail,Online,2024-10-02 00:00:00,Yes,Low,24646,11,5.2,2.40048,20004.0,-4642.0,1.0
801,100436,20,160720,160720,634,8,Kolkata,Corporate,Online,2024-10-14 00:00:00,Yes,Medium,32161,92,3.1,1.6072,13393.333333333334,-18767.666666666664,1.0
802,101939,54,162653,162653,732,15,Pune,SME,Mobile,2024-06-13 00:00:00,No,Low,31552,100,5.2,1.62653,13554.416666666666,-17997.583333333336,1.0
803,101270,72,82804,82804,407,4,Hyderabad,Premium,Online,2021-01-06 00:00:00,Yes,High,20861,110,1.7,0.82804,6900.333333333333,-13960.666666666668,1.0
804,100309,28,96626,96626,665,11,Chennai,value,Branch,2021-05-26 00:00:00,No,Medium,29507,116,6.7,0.96626,8052.166666666667,-21454.833333333332,1.0
805,100431,69,58142,58142,394,8,Pune,Corporate,Mobile,2025-10-10 00:00:00,No,High,37514,13,8.2,0.58142,4845.166666666667,-32668.833333333332,1.0
806,100661,68,214420,214420,797,7,Kolkata,Corporate,Branch,2021-08-11 00:00:00,Yes,Low,48398,56,6.5,2.1442,17868.333333333332,-30529.666666666668,1.0
807,100371,21,193484,193484,845,13,Bangalore,Corporate,Online,2021-04-14 00:00:00,No,High,43052,76,7.6,1.93484,16123.666666666666,-26928.333333333336,1.0
808,100567,47,198895,198895,411,11,Kolkata,Retail,Agent,2021-09-19 00:00:00,Yes,High,24646,143,4.4,1.98895,16574.583333333332,-8071.416666666668,1.0
809,101704,29,140357,140357,744,14,Mumbai,Corporate,Mobile,2025-03-28 00:00:00,No,Low,48178,8,6.1,1.40357,11696.416666666666,-36481.583333333336,1.0
810,100182,56,78268,78268,738,1,Chennai,Retail,Mobile,2023-02-28 00:00:00,Yes,High,44383,23,6.1,0.78268,6522.333333333333,-37860.666666666664,1.0
811,101777,61,214139,214139,449,0,Delhi,SME,Agent,2023-01-25 00:00:00,Yes,High,24646,96,3.4,2.14139,17844.916666666668,-6801.083333333332,1.0
812,100622,45,60643,60643,343,2,Mumbai,Retail,Online,2023-08-22 00:00:00,,High,18873,43,6.9,0.60643,5053.583333333333,-13819.416666666668,1.0
813,101294,54,116396,116396,631,14,Pune,Retail,Branch,2024-09-16 00:00:00,Yes,Medium,11349,9,9.1,1.16396,9699.666666666666,-1649.333333333334,1.0
814,101330,57,125082,125082,773,9,Delhi,Retail,Branch,2021-06-14 00:00:00,No,Low,24646,3,4.9,1.25082,10423.5,-14222.5,1.0
815,100989,31,64922,64922,555,9,Kolkata,Premium,Branch,2021-08-23 00:00:00,Yes,Medium,48132,60,9.2,0.64922,5410.166666666667,-42721.833333333336,1.0
816,100814,30,140395,140395,392,14,Bangalore,value,Mobile,,Yes,High,24646,102,5.4,1.40395,11699.583333333334,-12946.416666666666,1.0
817,101450,71,47436,47436,487,14,Pune,Premium,Branch,2021-11-12 00:00:00,Yes,High,47327,89,9.3,0.47436,3953.0,-43374.0,1.0
818,101879,61,84711,84711,832,4,Mumbai,Corporate,Branch,2024-03-02 00:00:00,Yes,Low,24646,27,8.6,0.84711,7059.25,-17586.75,1.0
819,100975,18,189685,189685,795,10,Hyderabad,Premium,Mobile,2024-08-27 00:00:00,Yes,Low,24646,26,2.1,1.89685,15807.083333333334,-8838.916666666666,1.0
820,101117,24,205302,205302,329,13,bangalore,Premium,Mobile,2025-01-14 00:00:00,No,High,42376,71,3.3,2.05302,17108.5,-25267.5,1.0
821,100297,36,237133,237133,368,15,Kolkata,Corporate,Agent,2022-03-28 00:00:00,No,High,34153,41,6.2,2.37133,19761.083333333332,-14391.916666666668,1.0
822,101818,49,166521,166521,398,5,Mumbai,SME,Mobile,2025-12-23 00:00:00,,High,40035,54,3.2,1.66521,13876.75,-26158.25,1.0
823,100462,71,58397,58397,609,14,,Premium,Agent,2023-03-22 00:00:00,No,Medium,33263,20,8.3,0.58397,4866.416666666667,-28396.583333333332,1.0
824,101329,70,192823,192823,470,5,Mumbai,Corporate,Branch,2023-06-16 00:00:00,No,High,33771,83,7.8,1.92823,16068.583333333334,-17702.416666666664,1.0
825,101260,37,89028,89028,300,2,Pune,Retail,Agent,2022-03-09 00:00:00,Yes,High,25000,141,6.2,0.89028,7419.0,-17581.0,1.0
826,100378,25,41309,41309,738,10,Pune,Corporate,Agent,2025-03-24 00:00:00,Yes,Low,28968,134,6.1,0.41309,3442.4166666666665,-25525.583333333332,1.0
827,100799,36,247374,247374,383,7,delhi,Corporate,Mobile,2025-05-14 00:00:00,,High,26156,33,6.1,2.47374,20614.5,-5541.5,1.0
828,101855,62,215747,215747,375,14,Chennai,Premium,Agent,2026-01-21 00:00:00,No,High,15186,31,7.4,2.15747,17978.916666666668,2792.916666666668,1.0
829,100106,41,227053,227053,632,3,Delhi,Retail,Agent,2021-05-27 00:00:00,No,High,40652,52,3.4,2.27053,18921.083333333332,-21730.916666666668,1.0
830,100127,52,139999,139999,764,5,Hyderabad,SME,Agent,2021-04-25 00:00:00,Yes,Low,35877,54,4.5,1.39999,11666.583333333334,-24210.416666666664,1.0
831,101470,52,32531,32531,570,9,Pune,Corporate,Mobile,2025-03-09 00:00:00,Yes,Medium,23494,143,5.8,0.32531,2710.9166666666665,-20783.083333333332,1.0
832,101323,34,170016,170016,719,15,Kolkata,value,Branch,,Yes,Low,26574,135,8.9,1.70016,14168.0,-12406.0,1.0
833,100870,53,169467,169467,721,14,Kolkata,Corporate,Branch,2021-11-09 00:00:00,No,Low,32914,120,5.595907928388747,1.69467,14122.25,-18791.75,1.0
834,100356,65,208651,208651,569,1,Delhi,Premium,Agent,2021-10-15 00:00:00,Yes,Medium,30380,140,2.8,2.08651,17387.583333333332,-12992.416666666668,1.0
835,101648,47,58243,58243,373,12,Mumbai,Premium,Mobile,2023-06-24 00:00:00,Yes,High,48174,35,9.6,0.58243,4853.583333333333,-43320.416666666664,1.0
836,100683,52,82716,82716,723,5,Hyderabad,Premium,Agent,,No,Low,17254,54,9.5,0.82716,6893.0,-10361.0,1.0
837,101774,20,57602,57602,745,0,Kolkata,Premium,Branch,2024-01-04 00:00:00,Yes,Low,29482,138,4.2,0.57602,4800.166666666667,-24681.833333333332,1.0
838,101550,25,154350,154350,794,5,Delhi,SME,Agent,2025-11-19 00:00:00,Yes,Low,44786,138,6.1,1.5435,12862.5,-31923.5,1.0
839,100905,62,90450,90450,512,5,Hyderabad,value,Mobile,,Yes,High,3584,66,6.6,0.9045,7537.5,3953.5,1.0
840,100210,47,139999,139999,457,13,Pune,Corporate,Online,2025-01-13 00:00:00,Yes,High,9024,128,8.7,1.39999,11666.583333333334,2642.583333333334,1.0
841,100917,38,233029,233029,476,9,Hyderabad,Premium,Online,2023-09-22 00:00:00,Yes,High,9835,68,6.0,2.33029,19419.083333333332,9584.083333333332,1.0
842,100141,50,246946,246946,740,15,Delhi,SME,Branch,2022-10-07 00:00:00,Yes,Low,47065,102,3.1,2.46946,20578.833333333332,-26486.166666666668,1.0
843,101466,74,67821,67821,554,8,Pune,Corporate,Online,2022-01-26 00:00:00,Yes,Medium,28066,145,4.7,0.67821,5651.75,-22414.25,1.0
844,101384,29,162069,162069,673,2,Kolkata,SME,Agent,2024-09-18 00:00:00,YES,Medium,33241,20,3.4,1.62069,13505.75,-19735.25,1.0
845,102000,31,79245,79245,324,6,Bangalore,Premium,Online,2025-12-24 00:00:00,Yes,High,5314,16,1.4,0.79245,6603.75,1289.75,1.0
846,101606,35,30774,30774,570,14,Hyderabad,Premium,Agent,2022-08-24 00:00:00,Yes,High,4077,123,1.2,0.30774,2564.5,-1512.5,1.0
847,101121,63,139999,139999,357,3,Hyderabad,Premium,Branch,2025-04-02 00:00:00,Yes,High,12733,60,7.1,1.39999,11666.583333333334,-1066.416666666666,1.0
848,101034,65,121774,121774,327,9,Bangalore,Retail,Online,2024-03-05 00:00:00,No,High,28097,129,9.0,1.21774,10147.833333333334,-17949.166666666664,1.0
849,101246,20,139999,139999,708,3,Pune,Corporate,Branch,2022-09-01 00:00:00,Yes,Low,46422,137,2.2,1.39999,11666.583333333334,-34755.416666666664,1.0
850,100712,53,139999,139999,564,10,Kolkata,Corporate,Agent,2022-08-29 00:00:00,Yes,Medium,41280,28,1.8,1.39999,11666.583333333334,-29613.416666666664,1.0
851,101293,58,80147,80147,808,1,Chennai,SME,Online,2024-04-22 00:00:00,Yes,Low,44512,121,4.5,0.80147,6678.916666666667,-37833.083333333336,1.0
852,101938,75,248563,248563,378,6,Delhi,Premium,Mobile,2022-03-30 00:00:00,Yes,High,15159,61,6.2,2.48563,20713.583333333332,5554.583333333332,1.0
853,101285,47,34496,34496,570,7,Hyderabad,Premium,Agent,2021-05-26 00:00:00,No,Low,12962,117,8.0,0.34496,2874.6666666666665,-10087.333333333334,1.0
854,100893,52,154992,154992,409,13,Mumbai,Premium,Agent,2024-03-25 00:00:00,,High,5036,102,4.9,1.54992,12916.0,7880.0,1.0
855,100011,40,119377,119377,850,2,Mumbai,Premium,Agent,2024-10-17 00:00:00,Yes,Low,20846,139,8.8,1.19377,9948.083333333334,-10897.916666666666,1.0
856,101729,57,156717,156717,653,12,,Premium,Mobile,2025-03-11 00:00:00,Yes,Medium,10410,76,8.9,1.56717,13059.75,2649.75,1.0
857,101546,55,180331,180331,508,9,Pune,Corporate,Mobile,2021-02-01 00:00:00,Yes,High,48261,1,7.7,1.80331,15027.583333333334,-33233.416666666664,1.0
858,100283,28,219555,219555,680,10,Pune,Corporate,Mobile,2023-06-17 00:00:00,Yes,High,16013,31,3.1,2.19555,18296.25,2283.25,1.0
859,100811,56,166178,166178,308,14,Chennai,Premium,Branch,2025-10-04 00:00:00,Yes,High,14766,111,4.9,1.66178,13848.166666666666,-917.8333333333339,1.0
860,101554,20,87032,87032,791,15,Mumbai,SME,Agent,2023-08-20 00:00:00,No,Low,40010,56,2.7,0.87032,7252.666666666667,-32757.333333333332,1.0
861,100292,37,137755,137755,453,4,Hyderabad,Premium,Branch,2021-02-13 00:00:00,No,High,47319,19,9.3,1.37755,11479.583333333334,-35839.416666666664,1.0
862,100755,64,224648,224648,460,15,Mumbai,Corporate,Mobile,2024-09-21 00:00:00,Yes,High,34613,34,8.3,2.24648,18720.666666666668,-15892.333333333332,1.0
863,100627,29,118680,118680,484,8,Mumbai,Corporate,Branch,2023-08-01 00:00:00,Yes,High,33482,31,6.6,1.1868,9890.0,-23592.0,1.0
864,100979,47,60262,60262,786,4,Pune,Premium,Agent,2022-05-22 00:00:00,Yes,Low,13888,29,4.1,0.60262,5021.833333333333,-8866.166666666668,1.0
865,101304,47,190268,190268,624,14,Kolkata,Premium,Agent,,Yes,Medium,40245,53,3.2,1.90268,15855.666666666666,-24389.333333333336,1.0
866,100130,22,34077,34077,719,2,Mumbai,Corporate,Mobile,2021-03-07 00:00:00,No,Low,15990,124,6.8,0.34077,2839.75,-13150.25,1.0
867,101201,48,120457,120457,509,15,Kolkata,SME,Branch,2025-11-23 00:00:00,Yes,High,30010,1,3.1,1.20457,10038.083333333334,-19971.916666666664,1.0
868,100844,66,35526,35526,691,12,Pune,Corporate,Mobile,2025-09-17 00:00:00,Yes,Medium,45383,131,6.3,0.35526,2960.5,-42422.5,1.0
869,100324,69,181755,181755,498,0,Delhi,Corporate,Online,2025-05-26 00:00:00,No,High,29926,77,3.3,1.81755,15146.25,-14779.75,1.0
870,101114,31,244861,244861,492,1,Bangalore,Retail,Online,2022-01-27 00:00:00,Yes,High,24646,62,6.1,2.44861,20405.083333333332,-4240.916666666668,1.0
871,100875,45,29895,29895,745,9,Mumbai,Retail,Mobile,2023-04-15 00:00:00,No,Low,1606,23,7.1,0.29895,2491.25,885.25,1.0
872,101000,47,193918,193918,667,9,Pune,Premium,Branch,2025-03-12 00:00:00,Yes,Medium,36577,113,3.7,1.93918,16159.833333333334,-20417.166666666664,1.0
873,101904,61,48567,48567,403,13,Chennai,Premium,Mobile,2025-06-24 00:00:00,Yes,High,37951,103,7.6,0.48567,4047.25,-33903.75,1.0
874,101821,24,111661,111661,438,1,Chennai,SME,Mobile,,Yes,High,9402,27,5.2,1.11661,9305.083333333334,-96.91666666666606,1.0
875,100906,22,35382,35382,557,4,Mumbai,Retail,Mobile,2025-03-11 00:00:00,No,Medium,9386,1,1.8,0.35382,2948.5,-6437.5,1.0
876,100696,72,37289,37289,640,1,Pune,Retail,Mobile,2022-11-08 00:00:00,Yes,Medium,26631,145,6.6,0.37289,3107.4166666666665,-23523.583333333332,1.0
877,100216,74,110553,110553,387,8,Pune,Corporate,Branch,2026-02-13 00:00:00,Yes,High,11274,143,3.8,1.10553,9212.75,-2061.25,1.0
878,101055,44,85428,85428,666,9,Hyderabad,Premium,Online,2025-12-31 00:00:00,Yes,Medium,31872,128,3.9,0.85428,7119.0,-24753.0,1.0
879,101914,47,185237,185237,555,10,Mumbai,SME,Mobile,2025-06-03 00:00:00,Yes,Medium,25070,120,2.7,1.85237,15436.416666666666,-9633.583333333334,1.0
880,101288,57,185878,185878,656,8,Pune,Premium,Agent,2026-03-08 00:00:00,Yes,Medium,24646,147,8.3,1.85878,15489.833333333334,-9156.166666666666,1.0
881,100159,18,148395,148395,836,7,Pune,SME,Mobile,2024-04-12 00:00:00,Yes,Low,24646,76,5.0,1.48395,12366.25,-12279.75,1.0
882,101308,42,181570,181570,815,12,Delhi,Premium,Agent,2021-05-03 00:00:00,Yes,Low,4999,74,2.1,1.8157,15130.833333333334,10131.833333333334,1.0
883,101035,28,51715,51715,635,1,Kolkata,SME,Agent,2025-05-22 00:00:00,Yes,High,47865,17,8.8,0.51715,4309.583333333333,-43555.416666666664,1.0
884,100926,58,229872,229872,509,4,pune,Corporate,Branch,2021-05-12 00:00:00,Yes,High,37995,135,1.6,2.29872,19156.0,-18839.0,1.0
885,100842,64,67828,67828,380,7,Pune,Corporate,Mobile,2025-03-20 00:00:00,Yes,High,8907,72,9.2,0.67828,5652.333333333333,-3254.666666666667,1.0
886,100635,29,50537,50537,845,13,Kolkata,Corporate,Agent,2021-02-18 00:00:00,Yes,Low,4655,138,6.0,0.50537,4211.416666666667,-443.58333333333303,1.0
887,100517,21,144273,144273,355,9,Bangalore,Retail,Online,2024-05-23 00:00:00,Yes,High,46794,46,5.6,1.44273,12022.75,-34771.25,1.0
888,101457,57,185381,185381,801,3,Bangalore,Premium,Mobile,2023-05-01 00:00:00,No,Low,12722,36,1.2,1.85381,15448.416666666666,2726.416666666666,1.0
889,101552,72,44446,44446,630,12,Bangalore,Premium,Online,,Yes,Medium,48312,141,4.7,0.44446,3703.8333333333335,-44608.166666666664,1.0
890,100598,75,54165,54165,505,9,Delhi,Premium,Mobile,2025-12-11 00:00:00,,High,4653,77,10.0,0.54165,4513.75,-139.25,1.0
891,100196,62,233033,233033,827,7,Chennai,SME,Branch,2024-01-05 00:00:00,Yes,Low,25639,87,5.3,2.33033,19419.416666666668,-6219.583333333332,1.0
892,101675,40,162701,162701,411,14,Delhi,Premium,Mobile,2023-03-22 00:00:00,No,High,9654,123,8.7,1.62701,13558.416666666666,3904.416666666666,1.0
893,101565,49,111544,111544,506,13,Mumbai,Retail,Online,2025-10-12 00:00:00,Yes,High,13085,92,9.1,1.11544,9295.333333333334,-3789.666666666666,1.0
894,100411,66,139999,139999,386,12,,Retail,Online,2022-03-22 00:00:00,Yes,High,24646,141,6.4,1.39999,11666.583333333334,-12979.416666666666,1.0
895,100097,40,153232,153232,446,4,Delhi,Retail,Agent,2021-11-30 00:00:00,No,High,39602,102,2.8,1.53232,12769.333333333334,-26832.666666666664,1.0
896,100441,71,226207,226207,686,13,Bangalore,value,Agent,2025-12-29 00:00:00,Yes,Medium,36836,112,6.9,2.26207,18850.583333333332,-17985.416666666668,1.0
897,101740,41,71305,71305,787,3,Bangalore,Retail,Branch,2026-02-14 00:00:00,Yes,Low,4335,51,2.3,0.71305,5942.083333333333,1607.083333333333,1.0
898,100157,31,51029,51029,728,7,Delhi,Corporate,Agent,2022-06-23 00:00:00,Yes,Low,11254,148,4.4,0.51029,4252.416666666667,-7001.583333333333,1.0
899,100420,52,109878,109878,523,8,Delhi,Retail,Branch,2021-04-13 00:00:00,No,High,4054,121,3.3,1.09878,9156.5,5102.5,1.0
900,101841,48,33787,33787,801,3,Delhi,Retail,Mobile,2022-07-27 00:00:00,Yes,Low,19868,76,2.5,0.33787,2815.5833333333335,-17052.416666666668,1.0
901,100478,62,132803,132803,429,10,Kolkata,Premium,Agent,2022-03-13 00:00:00,No,High,24646,39,9.2,1.32803,11066.916666666666,-13579.083333333334,1.0
902,101895,47,106768,106768,590,9,Bangalore,Corporate,Mobile,,No,Medium,31999,116,1.6,1.06768,8897.333333333334,-23101.666666666664,1.0
903,100669,28,64310,64310,514,1,Hyderabad,Corporate,Branch,,Yes,High,25569,53,8.4,0.6431,5359.166666666667,-20209.833333333332,1.0
904,101062,38,125689,125689,760,14,Hyderabad,Premium,Online,2025-02-11 00:00:00,Yes,Low,9734,88,4.0,1.25689,10474.083333333334,740.0833333333339,1.0
905,101912,22,91314,91314,631,1,Delhi,Corporate,Agent,2023-01-04 00:00:00,Yes,Medium,35773,114,5.3,0.91314,7609.5,-28163.5,1.0
906,101428,59,145312,145312,710,1,Hyderabad,Retail,Agent,2021-09-06 00:00:00,,Low,22930,125,2.4,1.45312,12109.333333333334,-10820.666666666666,1.0
907,100448,49,150818,150818,845,6,Hyderabad,Corporate,Mobile,,No,Low,46827,80,7.6,1.50818,12568.166666666666,-34258.833333333336,1.0
908,100554,49,73320,73320,683,4,Kolkata,Retail,Branch,2021-06-04 00:00:00,No,Medium,40945,44,6.0,0.7332,6110.0,-34835.0,1.0
909,100179,47,249695,249695,801,6,kolkata,Corporate,Agent,2023-05-15 00:00:00,No,Low,24646,140,9.0,2.49695,20807.916666666668,-3838.083333333332,1.0
910,100391,47,195515,195515,483,11,Hyderabad,SME,Online,,No,High,24646,93,3.3,1.95515,16292.916666666666,-8353.083333333334,1.0
911,100579,22,135169,135169,413,15,Hyderabad,Premium,Mobile,2022-05-27 00:00:00,Yes,High,5982,76,1.8,1.35169,11264.083333333334,5282.083333333334,1.0
912,101273,48,52044,52044,495,14,Mumbai,Premium,Agent,2024-11-12 00:00:00,Yes,High,42942,57,3.0,0.52044,4337.0,-38605.0,1.0
913,101741,47,202109,202109,580,0,Chennai,SME,Online,,Yes,Medium,29866,126,7.6,2.02109,16842.416666666668,-13023.583333333332,1.0
914,101314,31,240971,240971,609,14,Bangalore,value,Agent,2025-08-16 00:00:00,No,Medium,20530,2,3.9,2.40971,20080.916666666668,-449.0833333333321,1.0
915,101697,44,135454,135454,729,0,Pune,Premium,Online,2022-12-23 00:00:00,Yes,Low,21657,105,5.8,1.35454,11287.833333333334,-10369.166666666666,1.0
916,100932,23,45609,45609,845,3,Kolkata,Premium,Mobile,2023-12-30 00:00:00,No,Low,24646,73,5.0,0.45609,3800.75,-20845.25,1.0
917,100821,55,224083,224083,771,12,Hyderabad,SME,Branch,2022-10-12 00:00:00,No,Low,43187,6,1.4,2.24083,18673.583333333332,-24513.416666666668,1.0
918,101908,47,76631,76631,511,6,Hyderabad,Retail,Agent,2025-11-10 00:00:00,Yes,High,43106,125,5.4,0.76631,6385.916666666667,-36720.083333333336,1.0
919,101503,66,158715,158715,383,14,Delhi,Retail,Online,2024-01-18 00:00:00,Yes,High,12109,68,4.5,1.58715,13226.25,1117.25,1.0
920,101474,28,92155,92155,558,12,Delhi,Premium,Mobile,2021-05-23 00:00:00,Yes,Medium,47387,70,5.595907928388747,0.92155,7679.583333333333,-39707.416666666664,1.0
921,100665,75,226039,226039,413,13,pune,Premium,Online,2025-02-01 00:00:00,Yes,High,25241,73,5.6,2.26039,18836.583333333332,-6404.416666666668,1.0
922,100143,72,177499,177499,478,13,Pune,Premium,Branch,2024-09-04 00:00:00,Yes,High,43628,19,10.0,1.77499,14791.583333333334,-28836.416666666664,1.0
923,101548,21,244625,244625,777,10,Pune,Corporate,Mobile,2021-10-23 00:00:00,Yes,Low,45478,27,9.4,2.44625,20385.416666666668,-25092.583333333332,1.0
924,101458,32,171150,171150,384,4,Hyderabad,Retail,Mobile,2025-09-06 00:00:00,Yes,High,48868,125,9.9,1.7115,14262.5,-34605.5,1.0
925,100865,45,218783,218783,319,13,Kolkata,Corporate,Agent,2021-10-11 00:00:00,No,High,26342,33,2.2,2.18783,18231.916666666668,-8110.083333333332,1.0
926,100422,54,183562,183562,671,0,Chennai,Premium,Agent,2023-09-04 00:00:00,Yes,Medium,29352,40,6.6,1.83562,15296.833333333334,-14055.166666666666,1.0
927,100637,18,132522,132522,814,3,Mumbai,Retail,Mobile,2022-01-31 00:00:00,,Low,15886,37,10.0,1.32522,11043.5,-4842.5,1.0
928,101799,47,88278,88278,702,8,Bangalore,Retail,Branch,2024-08-19 00:00:00,Yes,Low,1455,105,8.3,0.88278,7356.5,5901.5,1.0
929,100800,56,195604,195604,454,15,Mumbai,Premium,Online,2023-05-21 00:00:00,Yes,High,46418,81,8.7,1.95604,16300.333333333334,-30117.666666666664,1.0
930,101090,47,220113,220113,361,9,Pune,Premium,Agent,2024-06-03 00:00:00,Yes,High,24646,68,3.0,2.20113,18342.75,-6303.25,1.0
931,100616,33,114152,114152,396,15,Chennai,Corporate,Branch,2024-12-07 00:00:00,Yes,High,17335,77,2.5,1.14152,9512.666666666666,-7822.333333333334,1.0
932,100295,43,77326,77326,570,13,Mumbai,Premium,Agent,2022-04-17 00:00:00,Yes,Medium,5494,111,8.0,0.77326,6443.833333333333,949.833333333333,1.0
933,101436,46,78072,78072,637,4,hyderabad,SME,Branch,2022-09-29 00:00:00,Yes,Medium,28874,46,3.6,0.78072,6506.0,-22368.0,1.0
934,100963,45,139999,139999,665,2,Chennai,Premium,Agent,2025-09-06 00:00:00,Yes,Medium,46361,26,1.4,1.39999,11666.583333333334,-34694.416666666664,1.0
935,101943,56,74678,74678,356,12,Pune,Retail,Agent,2026-02-05 00:00:00,Yes,High,40760,37,9.3,0.74678,6223.166666666667,-34536.833333333336,1.0
936,100089,27,117124,117124,638,8,Pune,Premium,Online,2025-11-10 00:00:00,Yes,Medium,7932,108,1.2,1.17124,9760.333333333334,1828.333333333334,1.0
937,100042,68,109082,109082,545,1,Pune,Corporate,Mobile,2021-11-23 00:00:00,Yes,High,24646,71,4.5,1.09082,9090.166666666666,-15555.833333333334,1.0
938,101840,35,47010,47010,622,9,Chennai,SME,Agent,2023-04-16 00:00:00,Yes,Medium,47851,148,8.9,0.4701,3917.5,-43933.5,1.0
939,101974,22,27261,27261,433,5,Chennai,Premium,Agent,2024-01-29 00:00:00,No,High,26329,54,4.5,0.27261,2271.75,-24057.25,1.0
940,100132,56,139999,139999,433,3,Delhi,Retail,Mobile,2022-10-09 00:00:00,Yes,High,25287,107,5.9,1.39999,11666.583333333334,-13620.416666666666,1.0
941,101902,33,95910,95910,368,11,hyderabad,Premium,Agent,2024-01-12 00:00:00,Yes,High,20770,29,9.6,0.9591,7992.5,-12777.5,1.0
942,100410,47,201422,201422,471,12,Hyderabad,Corporate,Branch,2022-08-31 00:00:00,Yes,High,13678,140,1.7,2.01422,16785.166666666668,3107.166666666668,1.0
943,101906,74,99813,99813,499,7,Mumbai,SME,Agent,2021-08-14 00:00:00,Yes,High,44088,142,3.1,0.99813,8317.75,-35770.25,1.0
944,101894,47,39849,39849,670,0,Pune,value,Mobile,2025-06-04 00:00:00,Yes,Medium,25810,123,8.1,0.39849,3320.75,-22489.25,1.0
945,101371,64,139999,139999,625,6,,Premium,Branch,2022-12-14 00:00:00,Yes,Medium,15260,67,7.2,1.39999,11666.583333333334,-3593.416666666666,1.0
946,101566,67,223241,223241,570,1,Kolkata,Retail,Agent,2024-10-13 00:00:00,Yes,High,13320,36,2.2,2.23241,18603.416666666668,5283.416666666668,1.0
947,100165,44,224950,224950,474,14,Mumbai,Retail,Online,2022-03-26 00:00:00,No,High,5505,39,5.3,2.2495,18745.833333333332,13240.833333333332,1.0
948,100725,64,232738,232738,430,8,Pune,value,Mobile,2022-09-09 00:00:00,Yes,High,35576,137,7.0,2.32738,19394.833333333332,-16181.166666666668,1.0
949,100291,20,244724,244724,436,11,Chennai,SME,Mobile,,Yes,High,21594,136,8.1,2.44724,20393.666666666668,-1200.3333333333321,1.0
950,101361,39,52766,52766,365,3,Mumbai,Premium,Online,2026-02-20 00:00:00,Yes,High,44485,80,6.5,0.52766,4397.166666666667,-40087.833333333336,1.0
951,101567,24,75669,75669,414,0,Bangalore,Premium,Online,2025-10-26 00:00:00,Yes,High,24672,138,8.7,0.75669,6305.75,-18366.25,1.0
952,101937,47,57174,57174,840,6,Pune,Retail,Branch,2023-10-29 00:00:00,NO,Low,48493,120,4.9,0.57174,4764.5,-43728.5,1.0
953,101381,46,134458,134458,538,11,Delhi,Premium,Online,2024-11-21 00:00:00,No,High,6458,89,5.595907928388747,1.34458,11204.833333333334,4746.833333333334,1.0
954,101640,52,188730,188730,690,12,Kolkata,Retail,Online,2025-07-06 00:00:00,Yes,Medium,38337,139,1.4,1.8873,15727.5,-22609.5,1.0
955,100779,47,137418,137418,621,6,Mumbai,Corporate,Agent,2025-12-20 00:00:00,Yes,Medium,13110,75,2.6,1.37418,11451.5,-1658.5,1.0
956,100840,74,120673,120673,318,13,hyderabad,SME,Branch,2023-07-11 00:00:00,No,High,10032,73,7.1,1.20673,10056.083333333334,24.08333333333394,1.0
957,100349,66,157632,157632,660,15,Mumbai,Premium,Online,2025-10-31 00:00:00,Yes,Medium,24646,118,6.4,1.57632,13136.0,-11510.0,1.0
958,101985,52,180072,180072,536,5,Hyderabad,SME,Agent,2021-07-23 00:00:00,No,High,48806,3,7.8,1.80072,15006.0,-33800.0,1.0
959,100572,68,187962,187962,697,15,Delhi,SME,Branch,2025-06-19 00:00:00,No,Medium,7660,80,7.8,1.87962,15663.5,8003.5,1.0
960,100918,43,216703,216703,438,6,Hyderabad,Retail,Branch,2021-03-01 00:00:00,Yes,High,28300,107,5.595907928388747,2.16703,18058.583333333332,-10241.416666666668,1.0
961,101014,68,122539,122539,481,9,Bangalore,Corporate,Online,2023-02-08 00:00:00,No,High,29268,111,3.7,1.22539,10211.583333333334,-19056.416666666664,1.0
962,101927,18,223652,223652,604,12,Kolkata,Premium,Online,2025-03-08 00:00:00,Yes,Medium,29525,50,8.8,2.23652,18637.666666666668,-10887.333333333332,1.0
963,101499,43,66800,66800,548,7,Pune,Retail,Mobile,2022-12-08 00:00:00,No,High,11039,65,4.3,0.668,5566.666666666667,-5472.333333333333,1.0
964,101623,37,178335,178335,372,3,chennai,Premium,Online,2023-02-23 00:00:00,Yes,High,44169,10,2.4,1.78335,14861.25,-29307.75,1.0
965,101344,64,48705,48705,824,3,Pune,Retail,Online,2025-10-29 00:00:00,No,Low,23116,140,5.6,0.48705,4058.75,-19057.25,1.0
966,101883,59,71733,71733,319,2,Delhi,Premium,Agent,2025-04-17 00:00:00,Yes,High,23625,136,5.2,0.71733,5977.75,-17647.25,1.0
967,100137,26,140374,140374,440,14,Mumbai,Corporate,Mobile,2026-02-14 00:00:00,Yes,High,22841,66,8.2,1.40374,11697.833333333334,-11143.166666666666,1.0
968,100459,50,143154,143154,313,2,Chennai,SME,Mobile,2022-10-06 00:00:00,Yes,High,16749,137,6.4,1.43154,11929.5,-4819.5,1.0
969,100376,37,33946,33946,584,13,Delhi,Premium,Branch,2021-07-11 00:00:00,No,Medium,18258,57,4.2,0.33946,2828.8333333333335,-15429.166666666666,1.0
970,101369,30,120286,120286,850,11,Bangalore,SME,Mobile,2021-07-06 00:00:00,Yes,Low,2161,118,1.1,1.20286,10023.833333333334,7862.833333333334,1.0
971,100334,26,184033,184033,508,14,Bangalore,Corporate,Branch,2023-05-18 00:00:00,Yes,High,24646,101,5.595907928388747,1.84033,15336.083333333334,-9309.916666666666,1.0
972,101647,27,207779,207779,331,0,Delhi,Premium,Branch,2021-06-01 00:00:00,No,High,6575,76,5.595907928388747,2.07779,17314.916666666668,10739.916666666668,1.0
973,101595,60,35800,35800,846,8,bangalore,Premium,Agent,2021-07-25 00:00:00,Yes,Low,6985,6,6.4,0.358,2983.3333333333335,-4001.6666666666665,1.0
974,101963,60,202643,202643,744,0,Chennai,Premium,Mobile,2026-01-16 00:00:00,No,Low,24646,65,2.2,2.02643,16886.916666666668,-7759.083333333332,1.0
975,101893,56,153775,153775,312,13,Hyderabad,Premium,Online,2021-10-30 00:00:00,Yes,High,23727,124,2.4,1.53775,12814.583333333334,-10912.416666666666,1.0
976,101487,41,156234,156234,498,5,Hyderabad,Premium,Agent,2025-01-26 00:00:00,Yes,High,41479,110,4.5,1.56234,13019.5,-28459.5,1.0
977,100817,66,89315,89315,704,1,Delhi,Retail,Branch,2024-09-29 00:00:00,Yes,Low,28243,140,6.5,0.89315,7442.916666666667,-20800.083333333332,1.0
978,101600,71,230977,230977,624,4,Delhi,Premium,Online,2026-01-25 00:00:00,Yes,Medium,7418,133,9.3,2.30977,19248.083333333332,11830.083333333332,1.0
979,100606,27,124304,124304,784,8,Delhi,Corporate,Branch,2023-04-24 00:00:00,Yes,Low,40116,33,7.6,1.24304,10358.666666666666,-29757.333333333336,1.0
980,101954,25,53803,53803,316,14,Pune,Premium,Branch,2023-04-03 00:00:00,Yes,High,24646,55,4.3,0.53803,4483.583333333333,-20162.416666666668,1.0
981,101502,38,139999,139999,801,2,Hyderabad,Premium,Branch,2025-04-12 00:00:00,No,Low,24646,17,5.3,1.39999,11666.583333333334,-12979.416666666666,1.0
982,101041,33,94252,94252,469,14,chennai,Corporate,Mobile,2023-01-29 00:00:00,Yes,High,6155,80,8.2,0.94252,7854.333333333333,1699.333333333333,1.0
983,100911,18,86929,86929,701,4,Chennai,Corporate,Branch,2026-01-13 00:00:00,Yes,Low,29858,55,8.3,0.86929,7244.083333333333,-22613.916666666668,1.0
984,101274,66,139999,139999,626,14,Chennai,Retail,Mobile,2024-05-01 00:00:00,Yes,Medium,28134,129,5.6,1.39999,11666.583333333334,-16467.416666666664,1.0
985,101970,20,188399,188399,823,13,Hyderabad,Premium,Agent,2022-07-18 00:00:00,Yes,Low,35224,16,6.8,1.88399,15699.916666666666,-19524.083333333336,1.0
986,101504,24,65785,65785,664,9,chennai,Retail,Agent,2023-02-12 00:00:00,Yes,Medium,10041,29,4.1,0.65785,5482.083333333333,-4558.916666666667,1.0
987,100329,29,182702,182702,478,7,Hyderabad,Premium,Online,2021-07-13 00:00:00,No,High,5503,135,6.9,1.82702,15225.166666666666,9722.166666666666,1.0
988,101058,67,246425,246425,679,5,,Corporate,Agent,2024-12-19 00:00:00,Yes,Medium,46629,59,7.0,2.46425,20535.416666666668,-26093.583333333332,1.0
989,100319,24,89881,89881,848,1,Mumbai,Retail,Online,2025-12-13 00:00:00,Yes,Low,6944,48,1.2,0.89881,7490.083333333333,546.083333333333,1.0
990,101561,50,202832,202832,839,12,Delhi,value,Online,2024-08-23 00:00:00,No,Low,24646,49,4.5,2.02832,16902.666666666668,-7743.333333333332,1.0
991,101386,19,103229,103229,777,10,Kolkata,Corporate,Online,2025-07-25 00:00:00,Yes,Low,37715,104,3.5,1.03229,8602.416666666666,-29112.583333333336,1.0
992,101804,47,165600,165600,759,1,Hyderabad,Premium,Agent,2026-02-06 00:00:00,No,Low,11563,12,9.7,1.656,13800.0,2237.0,1.0
993,100168,32,173554,173554,410,5,Hyderabad,Retail,Online,2023-10-08 00:00:00,Yes,High,39158,65,9.5,1.73554,14462.833333333334,-24695.166666666664,1.0
994,100013,28,71542,71542,338,7,Pune,Premium,Mobile,2026-01-02 00:00:00,No,High,5438,49,6.8,0.71542,5961.833333333333,523.833333333333,1.0
995,101967,58,36190,36190,571,9,Kolkata,SME,Branch,2021-10-31 00:00:00,Yes,Medium,8247,105,5.2,0.3619,3015.8333333333335,-5231.166666666666,1.0
996,100172,68,103797,103797,608,11,Delhi,Premium,Agent,2025-10-30 00:00:00,Yes,Medium,24646,122,9.0,1.03797,8649.75,-15996.25,1.0
997,100650,67,167628,167628,425,4,,SME,Branch,2025-09-24 00:00:00,Yes,High,44371,50,5.595907928388747,1.67628,13969.0,-30402.0,1.0
998,101085,64,53380,53380,702,1,Pune,Premium,Online,2023-07-13 00:00:00,Yes,Low,37321,76,1.8,0.5338,4448.333333333333,-32872.666666666664,1.0
999,100261,18,76195,76195,644,1,Hyderabad,Retail,Mobile,2021-09-20 00:00:00,Yes,High,49483,41,1.3,0.76195,6349.583333333333,-43133.416666666664,1.0
1000,101448,63,87812,87812,808,1,Kolkata,Retail,Mobile,2024-08-19 00:00:00,No,Low,11710,118,5.8,0.87812,7317.666666666667,-4392.333333333333,1.0
1001,100375,65,104561,104561,433,1,Delhi,Corporate,Branch,2021-01-31 00:00:00,Yes,High,12395,14,5.7,1.04561,8713.416666666666,-3681.583333333334,1.0
1002,100902,73,115373,115373,754,8,Kolkata,SME,Agent,,Yes,Low,592,86,1.1,1.15373,9614.416666666666,9022.416666666666,1.0
1003,100673,42,61914,61914,373,0,Chennai,Retail,Branch,2026-01-17 00:00:00,Yes,High,47004,75,5.4,0.61914,5159.5,-41844.5,1.0
1004,100259,49,197760,197760,790,6,Kolkata,SME,Online,2025-04-18 00:00:00,Yes,Low,43265,37,8.4,1.9776,16480.0,-26785.0,1.0
1005,101537,68,139999,139999,805,4,Hyderabad,Corporate,Branch,2025-11-17 00:00:00,Yes,Low,24646,145,7.2,1.39999,11666.583333333334,-12979.416666666666,1.0
1006,100845,31,93910,93910,606,9,Mumbai,SME,Branch,2024-07-29 00:00:00,Yes,Medium,49883,104,1.1,0.9391,7825.833333333333,-42057.166666666664,1.0
1007,100868,75,238277,238277,428,8,Chennai,SME,Mobile,2023-02-24 00:00:00,No,High,47960,124,1.3,2.38277,19856.416666666668,-28103.583333333332,1.0
1008,101413,35,231636,231636,453,9,Chennai,Retail,Online,2023-10-18 00:00:00,No,High,34544,8,5.5,2.31636,19303.0,-15241.0,1.0
1009,100139,29,177267,177267,743,12,Pune,Corporate,Branch,2025-11-30 00:00:00,No,Low,13410,148,2.4,1.77267,14772.25,1362.25,1.0
1010,100894,23,109416,109416,479,12,Chennai,Premium,Mobile,2023-02-19 00:00:00,Yes,High,6057,8,4.4,1.09416,9118.0,3061.0,1.0
1011,101876,33,68472,68472,838,8,Delhi,value,Online,2022-05-14 00:00:00,Yes,Low,34682,126,5.2,0.68472,5706.0,-28976.0,1.0
1012,100550,75,38669,38669,364,2,Bangalore,Premium,Online,2023-05-26 00:00:00,Yes,High,24646,21,2.6,0.38669,3222.4166666666665,-21423.583333333332,1.0
1013,100320,33,115827,115827,373,8,Mumbai,Premium,Branch,2024-03-15 00:00:00,Yes,High,24646,142,3.9,1.15827,9652.25,-14993.75,1.0
1014,101558,36,227779,227779,757,12,Chennai,Corporate,Agent,2024-06-30 00:00:00,Yes,Low,14937,102,9.0,2.27779,18981.583333333332,4044.583333333332,1.0
1015,101262,54,80731,80731,650,11,Bangalore,Retail,Branch,2024-09-14 00:00:00,No,High,37504,96,7.6,0.80731,6727.583333333333,-30776.416666666668,1.0
1016,101203,19,172977,172977,643,1,Mumbai,Corporate,Online,2024-03-21 00:00:00,Yes,Medium,9012,22,2.7,1.72977,14414.75,5402.75,1.0
1017,100559,62,211481,211481,758,7,Kolkata,Corporate,Mobile,2024-01-23 00:00:00,No,Low,30034,126,9.7,2.11481,17623.416666666668,-12410.583333333332,1.0
1018,100140,51,102475,102475,618,0,Delhi,Retail,Mobile,2025-01-10 00:00:00,No,Medium,34295,37,4.6,1.02475,8539.583333333334,-25755.416666666664,1.0
1019,101771,42,174130,174130,515,1,Chennai,SME,Branch,,Yes,High,14158,48,1.2,1.7413,14510.833333333334,352.83333333333394,1.0
1020,100532,47,34110,34110,445,14,Hyderabad,Retail,Online,2021-04-15 00:00:00,No,High,7240,34,6.5,0.3411,2842.5,-4397.5,1.0
1021,100225,26,77098,77098,544,6,Kolkata,SME,Agent,2022-02-12 00:00:00,Yes,High,17797,133,5.8,0.77098,6424.833333333333,-11372.166666666668,1.0
1022,100724,75,139999,139999,779,10,delhi,SME,Mobile,2024-03-11 00:00:00,No,Low,49122,4,8.0,1.39999,11666.583333333334,-37455.416666666664,1.0
1023,100787,62,151888,151888,655,2,,Retail,Branch,2023-03-30 00:00:00,Yes,Medium,22485,53,9.1,1.51888,12657.333333333334,-9827.666666666666,1.0
1024,101877,62,74437,74437,301,10,Delhi,Retail,Online,2021-09-15 00:00:00,No,High,6141,140,4.2,0.74437,6203.083333333333,62.08333333333303,1.0
1025,100326,47,86550,86550,786,1,delhi,Corporate,Mobile,2025-07-12 00:00:00,No,Low,2227,37,3.1,0.8655,7212.5,4985.5,1.0
1026,101289,39,113199,113199,715,10,Kolkata,Retail,Agent,2022-06-26 00:00:00,Yes,Low,15557,67,7.8,1.13199,9433.25,-6123.75,1.0
1027,100715,36,180683,180683,454,0,Kolkata,Retail,Branch,2022-01-28 00:00:00,Yes,High,12238,20,3.2,1.80683,15056.916666666666,2818.916666666666,1.0
1028,100847,47,53982,53982,746,8,Chennai,Corporate,Online,2025-04-18 00:00:00,No,Low,3198,43,1.6,0.53982,4498.5,1300.5,1.0
1029,100194,19,37857,37857,642,1,Mumbai,Premium,Online,2024-10-28 00:00:00,Yes,Medium,6496,106,4.8,0.37857,3154.75,-3341.25,1.0
1030,100574,47,72055,72055,506,6,Delhi,Retail,Online,2021-03-23 00:00:00,Yes,High,46696,101,6.9,0.72055,6004.583333333333,-40691.416666666664,1.0
1031,100947,36,30901,30901,784,5,,Premium,Branch,2021-04-13 00:00:00,Yes,Low,25653,25,4.0,0.30901,2575.0833333333335,-23077.916666666668,1.0
1032,100504,59,25281,25281,381,12,Delhi,Premium,Branch,2024-09-20 00:00:00,Yes,High,33004,102,8.3,0.25281,2106.75,-30897.25,1.0
1033,101336,23,107617,107617,743,9,Pune,Retail,Mobile,2022-10-23 00:00:00,Yes,Low,47236,42,2.5,1.07617,8968.083333333334,-38267.916666666664,1.0
1034,101897,66,114709,114709,560,8,Kolkata,Retail,Mobile,2021-06-01 00:00:00,Yes,Medium,14803,17,3.7,1.14709,9559.083333333334,-5243.916666666666,1.0
1035,101824,43,92990,92990,328,8,Delhi,SME,Mobile,2024-10-05 00:00:00,Yes,High,7731,54,9.2,0.9299,7749.166666666667,18.16666666666697,1.0
1036,100004,32,179946,179946,827,1,Kolkata,SME,Mobile,2025-02-27 00:00:00,No,Low,39975,111,7.3,1.79946,14995.5,-24979.5,1.0
1037,101362,19,93099,93099,369,0,,value,Mobile,2022-07-24 00:00:00,Yes,High,16640,57,2.5,0.93099,7758.25,-8881.75,1.0
1038,100468,43,136453,136453,639,15,Hyderabad,Corporate,Branch,2022-10-10 00:00:00,Yes,Medium,35738,6,7.1,1.36453,11371.083333333334,-24366.916666666664,1.0
1039,100006,25,90160,90160,486,1,Bangalore,Premium,Online,2022-05-17 00:00:00,Yes,High,16070,70,5.2,0.9016,7513.333333333333,-8556.666666666668,1.0
1040,101402,23,190009,190009,488,0,,Corporate,Mobile,2024-09-08 00:00:00,Yes,High,570,113,1.1,1.90009,15834.083333333334,15264.083333333334,1.0
1041,100548,18,179268,179268,831,5,Bangalore,SME,Branch,2024-02-04 00:00:00,No,High,33864,105,7.5,1.79268,14939.0,-18925.0,1.0
1042,100229,59,93760,93760,595,4,Kolkata,SME,Mobile,2021-11-27 00:00:00,No,Medium,4871,82,7.9,0.9376,7813.333333333333,2942.333333333333,1.0
1043,100543,70,238883,238883,730,2,Pune,Retail,Mobile,2024-07-28 00:00:00,Yes,Low,47793,118,5.4,2.38883,19906.916666666668,-27886.083333333332,1.0
1044,100243,29,79615,79615,849,11,Pune,value,Mobile,2025-08-31 00:00:00,Yes,Low,7144,126,4.9,0.79615,6634.583333333333,-509.41666666666697,1.0
1045,100899,42,43073,43073,531,0,Pune,Premium,Online,2025-03-24 00:00:00,No,High,38217,17,7.0,0.43073,3589.4166666666665,-34627.583333333336,1.0
1046,101654,67,139999,139999,308,9,Bangalore,Corporate,Mobile,2024-11-14 00:00:00,Yes,High,26028,112,5.4,1.39999,11666.583333333334,-14361.416666666666,1.0
1047,101217,19,233497,233497,408,15,Pune,value,Branch,2023-04-01 00:00:00,Yes,High,24646,130,9.9,2.33497,19458.083333333332,-5187.916666666668,1.0
1048,101962,27,36093,36093,517,11,Delhi,Premium,Agent,2021-05-31 00:00:00,No,High,14219,145,6.1,0.36093,3007.75,-11211.25,1.0
1049,100843,58,139999,139999,629,5,Mumbai,Premium,Online,,Yes,Medium,5762,129,4.4,1.39999,11666.583333333334,5904.583333333334,1.0
1050,101447,43,119788,119788,791,4,,Premium,Online,2021-08-29 00:00:00,No,Low,14940,73,4.6,1.19788,9982.333333333334,-4957.666666666666,1.0
1051,101180,38,234112,234112,582,6,Hyderabad,Retail,Mobile,2022-08-30 00:00:00,Yes,Medium,5841,102,5.6,2.34112,19509.333333333332,13668.333333333332,1.0
1052,101324,50,44873,44873,540,5,Mumbai,SME,Agent,2023-04-05 00:00:00,No,High,27122,129,5.595907928388747,0.44873,3739.4166666666665,-23382.583333333332,1.0
1053,100662,58,49596,49596,741,10,Hyderabad,Corporate,Mobile,2024-05-06 00:00:00,,Low,49809,120,5.4,0.49596,4133.0,-45676.0,1.0
1054,101236,64,206480,206480,499,13,Kolkata,Retail,Online,2024-05-05 00:00:00,Yes,High,26794,18,5.6,2.0648,17206.666666666668,-9587.333333333332,1.0
1055,100315,48,155406,155406,597,11,Bangalore,Corporate,Online,2022-03-15 00:00:00,Yes,Medium,24646,85,6.8,1.55406,12950.5,-11695.5,1.0
1056,100692,49,139793,139793,416,2,Mumbai,Retail,Online,2023-06-03 00:00:00,Yes,High,1408,41,8.8,1.39793,11649.416666666666,10241.416666666666,1.0
1057,101724,68,233347,233347,497,7,Chennai,Corporate,Mobile,2021-09-27 00:00:00,Yes,High,39590,15,1.6,2.33347,19445.583333333332,-20144.416666666668,1.0
1058,100425,66,179351,179351,570,14,Bangalore,Corporate,Agent,2025-10-13 00:00:00,No,Medium,37783,92,5.3,1.79351,14945.916666666666,-22837.083333333336,1.0
1059,100595,47,195954,195954,407,12,Bangalore,Premium,Branch,2025-06-27 00:00:00,No,High,14285,17,9.2,1.95954,16329.5,2044.5,1.0
1060,100906,22,35382,35382,557,4,Mumbai,Retail,Mobile,2025-03-11 00:00:00,No,Medium,9386,1,1.8,0.35382,2948.5,-6437.5,1.0
1061,100623,49,187396,187396,326,1,Mumbai,Retail,Mobile,2022-04-01 00:00:00,Yes,High,4230,135,4.9,1.87396,15616.333333333334,11386.333333333334,1.0
1062,101618,35,43489,43489,338,11,Hyderabad,Corporate,Online,2021-12-15 00:00:00,Yes,High,31093,116,4.3,0.43489,3624.0833333333335,-27468.916666666668,1.0
1063,101357,44,139999,139999,415,6,Kolkata,Premium,Mobile,2023-08-22 00:00:00,Yes,High,34344,72,3.4,1.39999,11666.583333333334,-22677.416666666664,1.0
1064,100228,68,25526,25526,389,13,,Premium,Agent,2025-04-11 00:00:00,Yes,High,13968,110,6.7,0.25526,2127.1666666666665,-11840.833333333334,1.0
1065,101234,66,101272,101272,692,0,Pune,Premium,Mobile,2023-05-03 00:00:00,Yes,Medium,39156,113,1.9,1.01272,8439.333333333334,-30716.666666666664,1.0
1066,101358,72,193876,193876,461,12,Hyderabad,Corporate,Agent,2023-11-29 00:00:00,Yes,High,11806,16,8.1,1.93876,16156.333333333334,4350.333333333334,1.0
1067,101221,43,170363,170363,395,6,Pune,SME,Online,2024-07-13 00:00:00,Yes,High,29999,107,7.5,1.70363,14196.916666666666,-15802.083333333334,1.0
1068,100067,24,139999,139999,324,1,Bangalore,SME,Branch,2023-02-15 00:00:00,Yes,High,9814,54,8.3,1.39999,11666.583333333334,1852.583333333334,1.0
1069,100025,47,177826,177826,754,10,Chennai,Premium,Mobile,2021-02-24 00:00:00,Yes,Low,24646,71,1.1,1.77826,14818.833333333334,-9827.166666666666,1.0
1070,100145,41,52083,52083,454,13,Mumbai,SME,Branch,2023-03-22 00:00:00,No,High,18325,133,9.0,0.52083,4340.25,-13984.75,1.0
1071,100537,45,129061,129061,367,5,delhi,Retail,Branch,2022-07-21 00:00:00,Yes,High,49208,135,4.2,1.29061,10755.083333333334,-38452.916666666664,1.0
1072,100812,18,93008,93008,570,1,Bangalore,Premium,Online,2021-09-06 00:00:00,No,Medium,10119,95,1.7,0.93008,7750.666666666667,-2368.333333333333,1.0
1073,101145,30,139999,139999,455,12,Kolkata,Premium,Agent,2023-05-22 00:00:00,Yes,High,9242,123,4.6,1.39999,11666.583333333334,2424.583333333334,1.0
1074,100086,43,151209,151209,570,11,,Retail,Agent,2021-06-13 00:00:00,Yes,Medium,9823,119,4.2,1.51209,12600.75,2777.75,1.0
1075,101359,47,171451,171451,842,9,Chennai,Premium,Agent,2024-08-27 00:00:00,Yes,Low,21439,144,3.4,1.71451,14287.583333333334,-7151.416666666666,1.0
1076,101209,23,201072,201072,564,5,Kolkata,SME,Branch,2022-01-13 00:00:00,No,Medium,14379,29,5.595907928388747,2.01072,16756.0,2377.0,1.0
1077,101710,62,223137,223137,357,13,Bangalore,Premium,Mobile,2021-10-08 00:00:00,No,High,14032,101,5.6,2.23137,18594.75,4562.75,1.0
1078,101981,37,65583,65583,400,13,Mumbai,Retail,Online,2023-07-19 00:00:00,,High,35392,77,5.595907928388747,0.65583,5465.25,-29926.75,1.0
1079,101856,51,30075,30075,530,3,Kolkata,Retail,Branch,2024-08-13 00:00:00,No,High,28357,68,3.0,0.30075,2506.25,-25850.75,1.0
1080,101810,42,211339,211339,328,8,Pune,Retail,Agent,2021-10-14 00:00:00,No,High,38639,76,1.7,2.11339,17611.583333333332,-21027.416666666668,1.0
1081,101170,43,191216,191216,808,2,Bangalore,Premium,Online,2022-07-21 00:00:00,Yes,Low,46706,84,7.3,1.91216,15934.666666666666,-30771.333333333336,1.0
1082,100363,35,117447,117447,410,14,Pune,value,Online,2026-03-06 00:00:00,Yes,High,14296,127,9.3,1.17447,9787.25,-4508.75,1.0
1083,101643,39,96947,96947,688,9,Bangalore,Retail,Branch,2022-08-13 00:00:00,Yes,Medium,46585,39,4.3,0.96947,8078.916666666667,-38506.083333333336,1.0
1084,101178,70,198672,198672,628,13,Chennai,Retail,Agent,2025-09-02 00:00:00,Yes,High,13491,86,4.3,1.98672,16556.0,3065.0,1.0
1085,101027,51,198540,198540,525,13,Mumbai,SME,Branch,2022-09-10 00:00:00,,High,34700,26,7.0,1.9854,16545.0,-18155.0,1.0
1086,101031,30,124071,124071,728,5,Delhi,Retail,Mobile,2025-07-08 00:00:00,Yes,Low,3700,90,7.1,1.24071,10339.25,6639.25,1.0
1087,101243,53,104751,104751,303,9,Pune,Corporate,Mobile,2023-07-12 00:00:00,No,High,22548,87,1.7,1.04751,8729.25,-13818.75,1.0
1088,101382,64,135384,135384,432,9,Delhi,Retail,Agent,2023-10-12 00:00:00,Yes,High,7607,42,6.9,1.35384,11282.0,3675.0,1.0
1089,101194,20,133212,133212,495,3,,SME,Mobile,2024-11-29 00:00:00,Yes,High,11742,33,9.1,1.33212,11101.0,-641.0,1.0
1090,100666,70,84182,84182,498,6,Mumbai,Corporate,Online,2025-05-30 00:00:00,Yes,High,19684,69,8.4,0.84182,7015.166666666667,-12668.833333333332,1.0
1091,100365,71,245971,245971,799,5,Mumbai,value,Mobile,2023-06-27 00:00:00,Yes,Low,32637,63,9.7,2.45971,20497.583333333332,-12139.416666666668,1.0
1092,100078,19,130865,130865,728,14,Delhi,Retail,Branch,2022-01-29 00:00:00,Yes,Low,45647,74,6.1,1.30865,10905.416666666666,-34741.583333333336,1.0
1093,100028,38,137217,137217,682,15,Mumbai,Corporate,Online,2025-01-06 00:00:00,Yes,Medium,33746,142,7.7,1.37217,11434.75,-22311.25,1.0
1094,101465,69,68619,68619,529,13,Hyderabad,Corporate,Mobile,2023-02-25 00:00:00,Yes,High,10970,110,5.3,0.68619,5718.25,-5251.75,1.0
1095,100526,57,171470,171470,725,10,pune,Corporate,Online,2023-11-02 00:00:00,Yes,Low,9324,72,4.0,1.7147,14289.166666666666,4965.166666666666,1.0
1096,101873,30,235748,235748,642,13,Chennai,Retail,Agent,2021-04-14 00:00:00,No,Medium,18134,106,4.1,2.35748,19645.666666666668,1511.6666666666679,1.0
1097,100056,42,221154,221154,663,9,Kolkata,Retail,Agent,2025-10-02 00:00:00,No,Medium,25503,91,7.3,2.21154,18429.5,-7073.5,1.0
1098,100639,57,31471,31471,331,14,Hyderabad,Premium,Branch,2022-11-04 00:00:00,Yes,High,39289,16,5.7,0.31471,2622.5833333333335,-36666.416666666664,1.0
1099,100303,47,93577,93577,488,4,Delhi,Retail,Agent,2022-04-14 00:00:00,Yes,High,33290,116,6.7,0.93577,7798.083333333333,-25491.916666666668,1.0
1100,100719,45,125102,125102,453,15,Mumbai,Corporate,Online,2024-10-19 00:00:00,Yes,High,12262,120,5.4,1.25102,10425.166666666666,-1836.833333333334,1.0
1101,100625,37,239432,239432,847,7,Chennai,Premium,Online,2025-07-31 00:00:00,Yes,Low,22033,23,1.5,2.39432,19952.666666666668,-2080.333333333332,1.0
1102,100008,56,128320,128320,559,9,Bangalore,Premium,Branch,2021-10-13 00:00:00,No,Medium,26908,66,2.6,1.2832,10693.333333333334,-16214.666666666666,1.0
1103,100804,67,137356,137356,822,6,Pune,Premium,Agent,2024-11-26 00:00:00,No,Low,2592,68,5.9,1.37356,11446.333333333334,8854.333333333334,1.0
1104,101050,73,179249,179249,570,15,bangalore,Premium,Branch,2023-10-01 00:00:00,,High,24646,121,3.6,1.79249,14937.416666666666,-9708.583333333334,1.0
1105,100337,36,58662,58662,312,14,Hyderabad,Corporate,Online,2025-11-05 00:00:00,No,High,38370,136,2.3,0.58662,4888.5,-33481.5,1.0
1106,100048,54,96719,96719,786,14,Kolkata,Premium,Agent,2022-03-17 00:00:00,Yes,Low,5235,112,9.9,0.96719,8059.916666666667,2824.916666666667,1.0
1107,101511,39,127304,127304,731,8,Delhi,Retail,Online,2024-03-17 00:00:00,Yes,High,24343,46,9.0,1.27304,10608.666666666666,-13734.333333333334,1.0
1108,100107,43,101242,101242,494,11,Delhi,Premium,Online,2024-06-01 00:00:00,Yes,High,38795,34,1.7,1.01242,8436.833333333334,-30358.166666666664,1.0
1109,100350,25,104148,104148,623,4,Pune,Premium,Agent,2021-08-12 00:00:00,Yes,Medium,14230,6,9.0,1.04148,8679.0,-5551.0,1.0
1110,101080,62,62487,62487,827,1,Chennai,Premium,Agent,2022-05-18 00:00:00,No,Low,9543,125,6.2,0.62487,5207.25,-4335.75,1.0
1111,100239,66,99744,99744,596,5,Delhi,Retail,Agent,2021-02-09 00:00:00,YES,High,39748,133,4.0,0.99744,8312.0,-31436.0,1.0
1112,100214,74,230390,230390,612,14,Kolkata,Retail,Branch,2022-01-01 00:00:00,Yes,Medium,15148,76,2.3,2.3039,19199.166666666668,4051.166666666668,1.0
1113,101279,70,108986,108986,418,9,Pune,Premium,Online,2022-08-14 00:00:00,Yes,High,4619,69,9.7,1.08986,9082.166666666666,4463.166666666666,1.0
1114,101164,36,64279,64279,667,13,Hyderabad,SME,Online,2024-11-14 00:00:00,Yes,Medium,45906,26,9.9,0.64279,5356.583333333333,-40549.416666666664,1.0
1115,100794,71,63467,63467,672,6,Mumbai,Retail,Online,2025-03-18 00:00:00,Yes,Medium,21587,112,8.2,0.63467,5288.916666666667,-16298.083333333332,1.0
1116,101097,25,139999,139999,727,0,Pune,Retail,Agent,2022-10-28 00:00:00,Yes,Low,10280,89,9.6,1.39999,11666.583333333334,1386.583333333334,1.0
1117,101205,45,150200,150200,508,9,Hyderabad,Retail,Mobile,2023-08-20 00:00:00,Yes,High,41725,65,7.5,1.502,12516.666666666666,-29208.333333333336,1.0
1118,101755,62,43099,43099,823,5,pune,Premium,Branch,2023-08-18 00:00:00,No,Low,45855,133,9.4,0.43099,3591.5833333333335,-42263.416666666664,1.0
1119,101614,65,139586,139586,833,7,Mumbai,Corporate,Branch,2024-03-05 00:00:00,,Low,36327,3,3.9,1.39586,11632.166666666666,-24694.833333333336,1.0
1120,101998,26,162868,162868,408,13,kolkata,Corporate,Branch,2023-05-31 00:00:00,YES,High,21555,59,4.9,1.62868,13572.333333333334,-7982.666666666666,1.0
1121,100524,52,114393,114393,594,15,Mumbai,Corporate,Branch,,Yes,Medium,23657,48,1.9,1.14393,9532.75,-14124.25,1.0
1122,100233,47,104083,104083,400,9,Bangalore,Premium,Branch,2023-12-23 00:00:00,Yes,High,3706,98,9.8,1.04083,8673.583333333334,4967.583333333334,1.0
1123,100645,29,160832,160832,817,4,Mumbai,SME,Mobile,2022-12-21 00:00:00,Yes,Low,5792,104,4.0,1.60832,13402.666666666666,7610.666666666666,1.0
1124,101539,67,67891,67891,301,0,Mumbai,Corporate,Branch,2025-11-26 00:00:00,Yes,High,24646,44,8.7,0.67891,5657.583333333333,-18988.416666666668,1.0
1125,100534,34,37115,37115,769,15,Hyderabad,Corporate,Branch,2024-07-23 00:00:00,No,Low,27363,29,3.2,0.37115,3092.9166666666665,-24270.083333333332,1.0
1126,101624,28,139999,139999,778,3,Pune,Corporate,Branch,2024-06-23 00:00:00,No,Low,20406,59,8.0,1.39999,11666.583333333334,-8739.416666666666,1.0
1127,100604,69,98297,98297,424,0,Delhi,Retail,Branch,2022-11-12 00:00:00,Yes,High,17043,35,2.0,0.98297,8191.416666666667,-8851.583333333332,1.0
1128,101235,29,139999,139999,793,1,,Retail,Online,2024-05-26 00:00:00,Yes,Low,49579,36,5.7,1.39999,11666.583333333334,-37912.416666666664,1.0
1129,101075,63,114881,114881,714,8,Mumbai,Retail,Agent,2025-02-06 00:00:00,Yes,Low,3003,126,6.2,1.14881,9573.416666666666,6570.416666666666,1.0
1130,101331,57,245894,245894,833,4,Mumbai,value,Branch,31/99/2024,Yes,Low,7094,55,5.9,2.45894,20491.166666666668,13397.166666666668,1.0
1131,100061,43,122624,122624,570,1,kolkata,value,Branch,2021-03-30 00:00:00,Yes,High,34143,18,2.9,1.22624,10218.666666666666,-23924.333333333336,1.0
1132,101290,46,66321,66321,814,8,Hyderabad,value,Online,2025-06-02 00:00:00,No,Low,23716,132,7.8,0.66321,5526.75,-18189.25,1.0
1133,100093,65,243335,243335,817,14,Delhi,Premium,Branch,2023-07-18 00:00:00,Yes,Low,33264,6,3.5,2.43335,20277.916666666668,-12986.083333333332,1.0
1134,100667,67,249372,249372,312,4,Hyderabad,Retail,Branch,2022-10-05 00:00:00,Yes,High,30847,98,5.595907928388747,2.49372,20781.0,-10066.0,1.0
1135,100281,23,47431,47431,841,14,pune,SME,Online,2024-08-23 00:00:00,Yes,Low,32836,18,4.7,0.47431,3952.5833333333335,-28883.416666666668,1.0
1136,101139,47,108588,108588,426,0,Pune,Retail,Agent,2024-04-06 00:00:00,Yes,High,9103,76,8.5,1.08588,9049.0,-54.0,1.0
1137,100360,46,135198,135198,766,2,Hyderabad,SME,Agent,2023-08-06 00:00:00,Yes,Low,13865,6,2.7,1.35198,11266.5,-2598.5,1.0
1138,101765,34,101975,101975,443,5,Delhi,Premium,Agent,2025-09-29 00:00:00,Yes,High,10832,24,4.9,1.01975,8497.916666666666,-2334.083333333334,1.0
1139,101838,40,139999,139999,603,15,Pune,value,Online,2023-09-30 00:00:00,Yes,Medium,1484,87,3.6,1.39999,11666.583333333334,10182.583333333334,1.0
1140,100848,18,25207,25207,740,6,Hyderabad,Corporate,Agent,,No,Low,24646,97,5.595907928388747,0.25207,2100.5833333333335,-22545.416666666668,1.0
1141,101405,64,206360,206360,427,15,,Corporate,Agent,,Yes,High,48616,92,8.3,2.0636,17196.666666666668,-31419.333333333332,1.0
1142,100111,46,198279,198279,632,8,Delhi,SME,Branch,2025-02-02 00:00:00,No,Medium,17197,18,3.2,1.98279,16523.25,-673.75,1.0
1143,100043,61,175201,175201,704,10,Delhi,Corporate,Mobile,2024-11-30 00:00:00,Yes,Low,23755,137,9.9,1.75201,14600.083333333334,-9154.916666666666,1.0
1144,100126,25,236467,236467,644,1,delhi,Corporate,Branch,2025-05-09 00:00:00,Yes,Medium,3664,36,5.4,2.36467,19705.583333333332,16041.583333333332,1.0
1145,100205,47,43639,43639,788,3,Mumbai,Premium,Online,2021-11-20 00:00:00,Yes,Low,7908,115,3.5,0.43639,3636.5833333333335,-4271.416666666666,1.0
1146,100053,56,32314,32314,721,5,Delhi,Corporate,Agent,2023-02-18 00:00:00,No,Low,31470,50,5.0,0.32314,2692.8333333333335,-28777.166666666668,1.0
1147,100546,29,35225,35225,497,6,Bangalore,Corporate,Branch,2025-02-27 00:00:00,Yes,High,41277,110,5.3,0.35225,2935.4166666666665,-38341.583333333336,1.0
1148,100069,25,219692,219692,484,13,Mumbai,Corporate,Agent,2024-02-05 00:00:00,Yes,High,48517,73,4.5,2.19692,18307.666666666668,-30209.333333333332,1.0
1149,101162,66,184342,184342,408,14,Delhi,Premium,Agent,2024-01-03 00:00:00,Yes,High,2340,59,6.5,1.84342,15361.833333333334,13021.833333333334,1.0
1150,101579,64,233015,233015,338,12,Bangalore,Premium,Online,2024-06-18 00:00:00,Yes,High,23702,54,5.9,2.33015,19417.916666666668,-4284.083333333332,1.0
1151,100184,32,139999,139999,839,5,Bangalore,Premium,Online,2024-05-05 00:00:00,No,Low,12978,51,6.3,1.39999,11666.583333333334,-1311.416666666666,1.0
1152,100138,25,49860,49860,614,6,Chennai,value,Agent,2024-03-07 00:00:00,No,Medium,47946,11,1.4,0.4986,4155.0,-43791.0,1.0
1153,100900,19,61035,61035,642,5,Pune,Retail,Mobile,2023-03-10 00:00:00,Yes,Medium,13509,76,7.0,0.61035,5086.25,-8422.75,1.0
1154,100797,27,101329,101329,779,4,Hyderabad,Premium,Online,2025-12-19 00:00:00,Yes,Low,28245,20,3.2,1.01329,8444.083333333334,-19800.916666666664,1.0
1155,100133,75,139682,139682,726,11,Kolkata,Corporate,Online,2023-04-02 00:00:00,No,Low,24733,120,1.2,1.39682,11640.166666666666,-13092.833333333334,1.0
1156,100081,59,233308,233308,496,2,Chennai,SME,Branch,2021-04-04 00:00:00,Yes,High,49288,125,5.7,2.33308,19442.333333333332,-29845.666666666668,1.0
1157,101892,52,206211,206211,812,13,Hyderabad,SME,Online,2025-05-05 00:00:00,Yes,Low,24646,103,3.6,2.06211,17184.25,-7461.75,1.0
1158,101572,72,151468,151468,374,9,Delhi,SME,Online,2025-01-11 00:00:00,Yes,High,48700,109,6.1,1.51468,12622.333333333334,-36077.666666666664,1.0
1159,100542,43,68753,68753,820,8,Bangalore,Corporate,Mobile,2021-09-25 00:00:00,No,Low,39682,119,6.6,0.68753,5729.416666666667,-33952.583333333336,1.0
1160,101627,20,116179,116179,475,10,Kolkata,Premium,Mobile,2023-10-17 00:00:00,Yes,High,17625,137,2.0,1.16179,9681.583333333334,-7943.416666666666,1.0
1161,100984,64,111269,111269,367,10,Mumbai,Corporate,Mobile,2021-11-09 00:00:00,Yes,High,33928,118,9.8,1.11269,9272.416666666666,-24655.583333333336,1.0
1162,100166,47,139999,139999,794,10,Delhi,SME,Agent,2021-10-11 00:00:00,Yes,Low,6054,68,4.9,1.39999,11666.583333333334,5612.583333333334,1.0
1163,100249,66,182661,182661,830,2,Delhi,SME,Branch,2025-12-04 00:00:00,Yes,Low,42083,45,8.2,1.82661,15221.75,-26861.25,1.0
1164,100447,67,126520,126520,300,13,Chennai,Premium,Branch,2024-06-22 00:00:00,Yes,High,41879,13,6.5,1.2652,10543.333333333334,-31335.666666666664,1.0
1165,101174,23,207051,207051,803,9,Chennai,Premium,Online,2023-12-11 00:00:00,No,Low,43553,63,8.6,2.07051,17254.25,-26298.75,1.0
1166,100859,49,139999,139999,552,5,Kolkata,Premium,Mobile,2022-07-11 00:00:00,Yes,Medium,9095,100,5.9,1.39999,11666.583333333334,2571.583333333334,1.0
1167,101284,29,129555,129555,478,6,Kolkata,Premium,Mobile,2023-07-19 00:00:00,Yes,High,23302,79,6.1,1.29555,10796.25,-12505.75,1.0
1168,100098,74,190904,190904,366,11,Chennai,Retail,Online,2023-01-29 00:00:00,Yes,High,3679,76,1.8,1.90904,15908.666666666666,12229.666666666666,1.0
1169,100585,22,30704,30704,791,15,Chennai,Corporate,Agent,2025-12-16 00:00:00,No,Low,24646,52,4.0,0.30704,2558.6666666666665,-22087.333333333332,1.0
1170,100738,74,100388,100388,565,2,Pune,Retail,Agent,2022-10-22 00:00:00,No,Medium,23474,124,6.5,1.00388,8365.666666666666,-15108.333333333334,1.0
1171,101282,26,139999,139999,344,8,Delhi,Corporate,Agent,2024-12-10 00:00:00,No,High,24646,48,4.8,1.39999,11666.583333333334,-12979.416666666666,1.0
1172,100103,35,56575,56575,750,6,Hyderabad,Premium,Mobile,2024-12-08 00:00:00,No,Low,16695,48,8.9,0.56575,4714.583333333333,-11980.416666666668,1.0
1173,100435,50,150932,150932,797,9,Chennai,value,Online,2021-05-20 00:00:00,Yes,Low,46109,107,9.1,1.50932,12577.666666666666,-33531.333333333336,1.0
1174,100075,47,210374,210374,478,8,Kolkata,Retail,Branch,2025-10-31 00:00:00,Yes,High,39608,100,6.8,2.10374,17531.166666666668,-22076.833333333332,1.0
1175,101829,31,228309,228309,363,14,Delhi,Retail,Mobile,2024-04-17 00:00:00,No,High,28367,39,8.0,2.28309,19025.75,-9341.25,1.0
1176,101227,43,109080,109080,727,15,Pune,SME,Branch,2024-02-27 00:00:00,,Low,34453,78,5.8,1.0908,9090.0,-25363.0,1.0
1177,100919,42,70033,70033,493,6,kolkata,SME,Branch,2023-03-08 00:00:00,Yes,High,34794,144,3.1,0.70033,5836.083333333333,-28957.916666666668,1.0
1178,101746,75,94615,94615,326,1,Kolkata,Premium,Mobile,2025-08-16 00:00:00,No,High,45826,145,4.1,0.94615,7884.583333333333,-37941.416666666664,1.0
1179,101705,62,144052,144052,471,1,Bangalore,SME,Online,2025-01-16 00:00:00,No,High,35509,55,6.1,1.44052,12004.333333333334,-23504.666666666664,1.0
1180,101652,49,163311,163311,732,4,Kolkata,Premium,Branch,2024-08-01 00:00:00,Yes,Low,24646,70,9.5,1.63311,13609.25,-11036.75,1.0
1181,100763,24,197693,197693,697,6,Pune,Retail,Mobile,2024-10-09 00:00:00,Yes,Medium,9461,114,6.7,1.97693,16474.416666666668,7013.416666666668,1.0
1182,100990,19,235436,235436,652,10,Delhi,Retail,Agent,,Yes,Medium,12129,54,6.5,2.35436,19619.666666666668,7490.666666666668,1.0
1183,100389,63,50963,50963,377,4,Delhi,SME,Mobile,2021-05-01 00:00:00,Yes,High,37447,149,8.6,0.50963,4246.916666666667,-33200.083333333336,1.0
1184,100236,41,33712,33712,836,15,Hyderabad,Corporate,Branch,2024-05-11 00:00:00,Yes,Low,19975,30,9.4,0.33712,2809.3333333333335,-17165.666666666668,1.0
1185,101538,64,54055,54055,381,8,Kolkata,SME,Branch,2021-07-25 00:00:00,Yes,High,37209,10,2.6,0.54055,4504.583333333333,-32704.416666666668,1.0
1186,100268,23,71167,71167,780,1,Chennai,value,Mobile,2025-11-22 00:00:00,No,Low,21552,85,5.1,0.71167,5930.583333333333,-15621.416666666668,1.0
1187,101490,69,98997,98997,499,10,Bangalore,Retail,Branch,2024-04-17 00:00:00,Yes,High,13976,87,2.3,0.98997,8249.75,-5726.25,1.0
1188,100118,47,238269,238269,727,0,Bangalore,Corporate,Agent,2024-08-03 00:00:00,Yes,Low,14436,50,5.595907928388747,2.38269,19855.75,5419.75,1.0
1189,101638,70,235097,235097,439,5,Hyderabad,Corporate,Mobile,2021-01-20 00:00:00,Yes,High,10628,117,4.8,2.35097,19591.416666666668,8963.416666666668,1.0
1190,100674,38,135350,135350,836,14,Hyderabad,Retail,Agent,,No,Low,21713,95,5.5,1.3535,11279.166666666666,-10433.833333333334,1.0
1191,100250,73,186087,186087,445,15,,SME,Agent,2024-03-07 00:00:00,Yes,High,40432,50,8.7,1.86087,15507.25,-24924.75,1.0
1192,101482,34,139999,139999,389,0,Delhi,Premium,Online,2023-11-06 00:00:00,Yes,High,47848,64,5.9,1.39999,11666.583333333334,-36181.416666666664,1.0
1193,101081,44,189433,189433,464,1,Bangalore,Retail,Online,2025-08-29 00:00:00,Yes,High,15906,57,1.8,1.89433,15786.083333333334,-119.91666666666606,1.0
1194,100095,25,100418,100418,593,15,,SME,Agent,2025-09-05 00:00:00,Yes,Medium,24646,38,5.595907928388747,1.00418,8368.166666666666,-16277.833333333334,1.0
1195,100034,42,66755,66755,400,11,Kolkata,value,Online,2023-07-09 00:00:00,Yes,High,14945,39,9.8,0.66755,5562.916666666667,-9382.083333333332,1.0
1196,101494,50,249655,249655,563,7,Kolkata,Premium,Online,2025-11-08 00:00:00,No,Medium,5199,9,5.2,2.49655,20804.583333333332,15605.583333333332,1.0
1197,101702,57,198942,198942,770,10,Kolkata,Corporate,Agent,2022-05-29 00:00:00,Yes,Low,48554,26,7.4,1.98942,16578.5,-31975.5,1.0
1198,100449,64,86272,86272,745,7,Hyderabad,Retail,Agent,2023-05-09 00:00:00,Yes,Low,24646,30,4.1,0.86272,7189.333333333333,-17456.666666666668,1.0
1199,100717,47,132971,132971,830,14,Pune,Premium,Branch,not_a_date,Yes,High,36663,74,6.2,1.32971,11080.916666666666,-25582.083333333336,1.0
1200,101291,25,221167,221167,513,5,Bangalore,Retail,Branch,2025-06-09 00:00:00,Yes,High,24646,75,4.5,2.21167,18430.583333333332,-6215.416666666668,1.0
1201,101549,18,171424,171424,404,13,Pune,Retail,Mobile,2023-04-20 00:00:00,Yes,High,40521,2,5.3,1.71424,14285.333333333334,-26235.666666666664,1.0
1202,100001,56,108300,108300,455,10,,Premium,Agent,2024-08-02 00:00:00,Yes,High,39038,127,1.0,1.083,9025.0,-30013.0,1.0
1203,101403,25,124134,124134,613,10,Mumbai,Premium,Mobile,2025-11-16 00:00:00,Yes,Medium,28218,51,7.1,1.24134,10344.5,-17873.5,1.0
1204,101102,64,162244,162244,354,1,,SME,Agent,2025-06-22 00:00:00,Yes,High,43457,139,6.5,1.62244,13520.333333333334,-29936.666666666664,1.0
1205,101109,31,207503,207503,657,3,Mumbai,Premium,Branch,2025-12-08 00:00:00,Yes,Medium,24646,10,9.2,2.07503,17291.916666666668,-7354.083333333332,1.0
1206,101252,47,242322,242322,458,1,Delhi,Corporate,Agent,2024-06-25 00:00:00,No,High,8628,38,9.3,2.42322,20193.5,11565.5,1.0
1207,100083,71,67534,67534,779,6,Mumbai,Premium,Branch,2022-04-12 00:00:00,Yes,Low,47849,71,5.595907928388747,0.67534,5627.833333333333,-42221.166666666664,1.0
1208,101315,49,203773,203773,778,7,Mumbai,Retail,Agent,2024-03-11 00:00:00,Yes,Low,21737,75,5.5,2.03773,16981.083333333332,-4755.916666666668,1.0
1209,100677,27,193722,193722,726,11,Chennai,Corporate,Agent,2021-01-04 00:00:00,Yes,Low,26212,17,4.2,1.93722,16143.5,-10068.5,1.0
1210,101800,38,80077,80077,622,9,Chennai,SME,Mobile,2021-05-10 00:00:00,Yes,Medium,32844,6,7.4,0.80077,6673.083333333333,-26170.916666666668,1.0
1211,101047,21,31548,31548,732,7,Hyderabad,Corporate,Mobile,2025-10-06 00:00:00,Yes,Low,36498,83,1.8,0.31548,2629.0,-33869.0,1.0
1212,100771,75,116658,116658,636,6,Chennai,Corporate,Mobile,2022-05-17 00:00:00,Yes,Medium,43410,108,9.1,1.16658,9721.5,-33688.5,1.0
1213,101241,54,150588,150588,697,10,Pune,Retail,Branch,2023-12-07 00:00:00,Yes,High,24646,25,2.3,1.50588,12549.0,-12097.0,1.0
1214,101776,54,234184,234184,369,14,Hyderabad,Corporate,Mobile,2023-07-21 00:00:00,No,High,33040,79,9.9,2.34184,19515.333333333332,-13524.666666666668,1.0
1215,101612,38,171011,171011,733,10,Delhi,Premium,Branch,2023-12-24 00:00:00,No,Low,15637,94,2.0,1.71011,14250.916666666666,-1386.083333333334,1.0
1216,101520,40,90428,90428,515,12,Hyderabad,Premium,Branch,2023-08-27 00:00:00,Yes,High,28626,88,9.4,0.90428,7535.666666666667,-21090.333333333332,1.0
1217,100405,50,68585,68585,818,12,Chennai,Corporate,Mobile,2024-09-17 00:00:00,No,Low,12062,106,2.8,0.68585,5715.416666666667,-6346.583333333333,1.0
1218,101870,46,160565,160565,519,3,Kolkata,Premium,Mobile,2024-08-02 00:00:00,Yes,High,33293,60,8.7,1.60565,13380.416666666666,-19912.583333333336,1.0
1219,101325,64,65372,65372,654,11,Kolkata,SME,Mobile,,Yes,Medium,39145,21,6.5,0.65372,5447.666666666667,-33697.333333333336,1.0
1220,101367,71,144119,144119,763,14,Chennai,Premium,Mobile,2025-07-26 00:00:00,Yes,Low,21521,127,3.4,1.44119,12009.916666666666,-9511.083333333334,1.0
1221,100105,70,157079,157079,315,4,Bangalore,Corporate,Agent,2024-08-20 00:00:00,Yes,High,10972,10,2.6,1.57079,13089.916666666666,2117.916666666666,1.0
1222,100689,49,169539,169539,617,5,Bangalore,Corporate,Branch,2024-10-05 00:00:00,Yes,Medium,14622,121,1.2,1.69539,14128.25,-493.75,1.0
1223,101332,68,30110,30110,666,12,Pune,Retail,Agent,2021-03-23 00:00:00,No,Medium,10611,143,1.6,0.3011,2509.1666666666665,-8101.833333333334,1.0
1224,100827,49,190575,190575,418,4,Mumbai,Premium,Branch,2025-01-13 00:00:00,Yes,High,32851,76,2.5,1.90575,15881.25,-16969.75,1.0
1225,100063,19,136785,136785,471,7,Chennai,Premium,Agent,2023-07-30 00:00:00,Yes,High,16037,130,4.8,1.36785,11398.75,-4638.25,1.0
1226,100853,33,71479,71479,768,10,Hyderabad,Premium,Branch,2022-07-17 00:00:00,Yes,Low,38825,54,2.1,0.71479,5956.583333333333,-32868.416666666664,1.0
1227,101380,22,184803,184803,588,10,Mumbai,Premium,Agent,2023-04-24 00:00:00,Yes,Medium,24646,72,8.0,1.84803,15400.25,-9245.75,1.0
1228,100224,44,209697,209697,646,13,Chennai,Premium,Online,2024-01-06 00:00:00,Yes,Medium,34234,66,9.9,2.09697,17474.75,-16759.25,1.0
1229,100146,54,243118,243118,410,11,Hyderabad,Retail,Mobile,2025-12-17 00:00:00,Yes,High,30206,42,9.4,2.43118,20259.833333333332,-9946.166666666668,1.0
1230,101089,73,211388,211388,505,10,Hyderabad,Premium,Branch,,Yes,High,18149,72,1.7,2.11388,17615.666666666668,-533.3333333333321,1.0
1231,100374,38,216387,216387,514,7,Chennai,Corporate,Agent,2025-09-09 00:00:00,No,High,24646,17,4.1,2.16387,18032.25,-6613.75,1.0
1232,101449,53,32999,32999,557,2,Kolkata,Retail,Agent,2025-09-01 00:00:00,No,Medium,6892,88,6.7,0.32999,2749.9166666666665,-4142.083333333334,1.0
1233,101143,42,200929,200929,785,2,Mumbai,Premium,Branch,2023-12-24 00:00:00,Yes,Low,44505,53,9.1,2.00929,16744.083333333332,-27760.916666666668,1.0
1234,101865,56,119840,119840,368,1,Bangalore,Retail,Mobile,2023-07-21 00:00:00,Yes,High,16511,48,5.595907928388747,1.1984,9986.666666666666,-6524.333333333334,1.0
1235,101526,46,139999,139999,582,7,Delhi,value,Branch,2024-09-21 00:00:00,Yes,Medium,20573,124,5.3,1.39999,11666.583333333334,-8906.416666666666,1.0
1236,101633,54,220238,220238,596,8,Kolkata,Retail,Online,2024-07-30 00:00:00,Yes,Medium,5623,39,5.6,2.20238,18353.166666666668,12730.166666666668,1.0
1237,101388,48,67092,67092,599,14,Mumbai,Retail,Agent,2024-02-01 00:00:00,Yes,Medium,30836,23,8.2,0.67092,5591.0,-25245.0,1.0
1238,100010,36,50931,50931,828,11,Kolkata,Premium,Branch,2021-07-29 00:00:00,Yes,High,49095,87,6.9,0.50931,4244.25,-44850.75,1.0
1239,100450,39,248224,248224,378,7,,SME,Online,2024-09-08 00:00:00,No,High,24667,133,7.0,2.48224,20685.333333333332,-3981.666666666668,1.0
1240,100709,30,43743,43743,703,12,Kolkata,Premium,Online,2022-10-31 00:00:00,No,Low,49910,55,4.6,0.43743,3645.25,-46264.75,1.0
1241,100256,71,182215,182215,728,6,Chennai,Corporate,Online,2021-05-22 00:00:00,Yes,Low,33437,111,2.3,1.82215,15184.583333333334,-18252.416666666664,1.0
1242,100883,26,143413,143413,547,0,Hyderabad,Premium,Online,2023-05-11 00:00:00,Yes,High,20892,32,9.6,1.43413,11951.083333333334,-8940.916666666666,1.0
1243,100390,47,139999,139999,320,10,Hyderabad,Retail,Agent,2021-12-04 00:00:00,Yes,High,20499,65,4.3,1.39999,11666.583333333334,-8832.416666666666,1.0
1244,100909,50,220684,220684,525,5,Delhi,Retail,Branch,2025-06-27 00:00:00,Yes,High,7443,119,3.3,2.20684,18390.333333333332,10947.333333333332,1.0
1245,100925,51,65461,65461,341,0,Mumbai,Retail,Agent,2025-01-23 00:00:00,Yes,High,36843,115,7.0,0.65461,5455.083333333333,-31387.916666666668,1.0
1246,101738,72,68732,68732,414,1,Pune,Corporate,Agent,2023-12-24 00:00:00,No,High,6405,105,8.9,0.68732,5727.666666666667,-677.333333333333,1.0
1247,101794,29,192670,192670,333,11,,Retail,Agent,2024-02-24 00:00:00,No,High,9889,101,2.5,1.9267,16055.833333333334,6166.833333333334,1.0
1248,100461,60,69738,69738,646,3,Hyderabad,Retail,Agent,2022-06-28 00:00:00,Yes,Medium,8796,44,7.4,0.69738,5811.5,-2984.5,1.0
1249,101491,23,173087,173087,670,15,Hyderabad,Retail,Agent,2024-04-02 00:00:00,Yes,Medium,24646,35,3.1,1.73087,14423.916666666666,-10222.083333333334,1.0
1250,101735,52,208214,208214,841,7,Mumbai,Premium,Agent,2024-01-10 00:00:00,Yes,Low,19264,136,9.8,2.08214,17351.166666666668,-1912.8333333333321,1.0
1251,101169,69,152896,152896,500,9,Mumbai,Corporate,Branch,2023-09-19 00:00:00,Yes,High,24646,62,7.5,1.52896,12741.333333333334,-11904.666666666666,1.0
1252,100959,66,75200,75200,816,13,Kolkata,Retail,Agent,2025-03-21 00:00:00,Yes,Low,42839,56,8.2,0.752,6266.666666666667,-36572.333333333336,1.0
1253,100502,66,247500,247500,559,0,Pune,Corporate,Branch,2024-02-10 00:00:00,No,Medium,9073,142,3.6,2.475,20625.0,11552.0,1.0
1254,100740,62,227903,227903,763,1,kolkata,Premium,Branch,2023-06-24 00:00:00,Yes,Low,24646,83,7.7,2.27903,18991.916666666668,-5654.083333333332,1.0
1255,101889,35,139999,139999,325,15,Mumbai,Corporate,Mobile,2025-11-17 00:00:00,No,High,28607,84,5.9,1.39999,11666.583333333334,-16940.416666666664,1.0
1256,100869,45,123452,123452,709,0,Mumbai,Premium,Branch,2024-11-22 00:00:00,Yes,Low,10697,143,8.7,1.23452,10287.666666666666,-409.33333333333394,1.0
1257,100732,69,165507,165507,345,7,Delhi,SME,Branch,2022-03-07 00:00:00,YES,High,5116,99,2.3,1.65507,13792.25,8676.25,1.0
1258,100540,43,153335,153335,662,11,Hyderabad,Premium,Online,2022-11-15 00:00:00,No,Medium,14989,136,8.9,1.53335,12777.916666666666,-2211.083333333334,1.0
1259,101202,23,213938,213938,828,5,Chennai,Retail,Branch,2021-01-26 00:00:00,Yes,Low,44720,21,1.0,2.13938,17828.166666666668,-26891.833333333332,1.0
1260,100698,40,139999,139999,573,11,Pune,Corporate,Agent,2022-10-05 00:00:00,Yes,Medium,44281,78,7.5,1.39999,11666.583333333334,-32614.416666666664,1.0
1261,101421,53,240002,240002,363,1,Delhi,Corporate,Online,2021-09-26 00:00:00,Yes,High,1785,137,8.8,2.40002,20000.166666666668,18215.166666666668,1.0
1262,101404,40,157723,157723,792,3,Mumbai,SME,Branch,2024-01-17 00:00:00,No,High,29737,52,3.4,1.57723,13143.583333333334,-16593.416666666664,1.0
1263,101146,37,73355,73355,816,4,Kolkata,Corporate,Mobile,2025-03-08 00:00:00,No,Low,27661,33,1.8,0.73355,6112.916666666667,-21548.083333333332,1.0
1264,101032,60,207268,207268,733,10,Kolkata,Retail,Agent,2021-09-05 00:00:00,No,Low,31245,41,9.0,2.07268,17272.333333333332,-13972.666666666668,1.0
1265,100373,31,247266,247266,817,13,kolkata,Premium,Agent,2024-01-13 00:00:00,No,Low,10484,117,7.7,2.47266,20605.5,10121.5,1.0
1266,100668,62,112163,112163,570,1,Delhi,Retail,Branch,2023-06-13 00:00:00,Yes,Medium,3270,2,4.1,1.12163,9346.916666666666,6076.916666666666,1.0
1267,101557,27,139999,139999,810,10,Mumbai,Retail,Branch,2022-11-25 00:00:00,Yes,Low,13937,57,9.1,1.39999,11666.583333333334,-2270.416666666666,1.0
1268,100358,52,239919,239919,818,7,Bangalore,Retail,Online,2022-01-11 00:00:00,No,Low,43378,104,7.4,2.39919,19993.25,-23384.75,1.0
1269,100968,75,153955,153955,654,15,Hyderabad,Retail,Mobile,2024-01-10 00:00:00,Yes,Medium,42061,32,8.9,1.53955,12829.583333333334,-29231.416666666664,1.0
1270,100784,34,188189,188189,537,10,Mumbai,Premium,Branch,2024-11-27 00:00:00,No,High,2596,54,7.1,1.88189,15682.416666666666,13086.416666666666,1.0
1271,100736,40,152959,152959,428,4,Mumbai,SME,Agent,2024-05-27 00:00:00,Yes,High,47271,78,9.3,1.52959,12746.583333333334,-34524.416666666664,1.0
1272,101036,68,52605,52605,368,6,Bangalore,Retail,Mobile,2021-03-26 00:00:00,No,High,44013,53,5.595907928388747,0.52605,4383.75,-39629.25,1.0
1273,100971,71,135719,135719,310,11,Hyderabad,Premium,Mobile,2022-04-05 00:00:00,Yes,High,49104,64,1.3,1.35719,11309.916666666666,-37794.083333333336,1.0
1274,101556,27,122852,122852,835,1,,value,Mobile,2022-06-27 00:00:00,No,Low,20099,149,7.5,1.22852,10237.666666666666,-9861.333333333334,1.0
1275,101518,30,91707,91707,548,2,Mumbai,Retail,Online,2022-10-14 00:00:00,Yes,High,38058,3,8.7,0.91707,7642.25,-30415.75,1.0
1276,101555,47,231487,231487,748,2,Pune,Corporate,Mobile,2025-05-20 00:00:00,Yes,Low,6796,95,6.0,2.31487,19290.583333333332,12494.583333333332,1.0
1277,101377,32,170298,170298,668,1,Bangalore,SME,Online,2025-10-23 00:00:00,Yes,Medium,2501,97,7.3,1.70298,14191.5,11690.5,1.0
1278,101522,73,233537,233537,519,4,Chennai,Retail,Online,,Yes,High,38528,8,9.3,2.33537,19461.416666666668,-19066.583333333332,1.0
1279,101674,51,29135,29135,831,10,Pune,Premium,Agent,2024-09-10 00:00:00,Yes,Low,28118,115,9.6,0.29135,2427.9166666666665,-25690.083333333332,1.0
1280,101253,40,214784,214784,578,12,Delhi,SME,Branch,2021-05-04 00:00:00,Yes,Medium,3271,142,6.4,2.14784,17898.666666666668,14627.666666666668,1.0
1281,101728,28,120665,120665,822,10,Delhi,value,Branch,2022-11-01 00:00:00,Yes,Low,955,9,6.8,1.20665,10055.416666666666,9100.416666666666,1.0
1282,101750,36,116353,116353,468,6,Pune,Corporate,Branch,2025-03-09 00:00:00,Yes,High,4122,142,9.1,1.16353,9696.083333333334,5574.083333333334,1.0
1283,101237,18,139999,139999,554,14,Hyderabad,Corporate,Agent,2025-06-08 00:00:00,Yes,Medium,34297,134,5.595907928388747,1.39999,11666.583333333334,-22630.416666666664,1.0
1284,100886,37,30782,30782,681,1,,Premium,Branch,2025-04-26 00:00:00,Yes,Medium,46921,9,7.2,0.30782,2565.1666666666665,-44355.833333333336,1.0
1285,100080,71,178962,178962,752,11,Kolkata,Premium,Online,2021-05-23 00:00:00,Yes,Low,30842,13,7.8,1.78962,14913.5,-15928.5,1.0
1286,101173,62,233432,233432,510,12,Kolkata,value,Mobile,2025-04-06 00:00:00,Yes,High,34654,80,6.7,2.33432,19452.666666666668,-15201.333333333332,1.0
1287,100815,45,141492,141492,828,8,Hyderabad,Premium,Branch,2025-06-30 00:00:00,Yes,Low,30268,78,6.3,1.41492,11791.0,-18477.0,1.0
1288,100354,37,176094,176094,846,8,Kolkata,Retail,Agent,2024-04-01 00:00:00,Yes,Low,41123,105,9.2,1.76094,14674.5,-26448.5,1.0
1289,100672,53,139999,139999,746,7,Kolkata,SME,Mobile,2023-02-28 00:00:00,Yes,Low,21606,148,8.6,1.39999,11666.583333333334,-9939.416666666666,1.0
1290,101563,72,69629,69629,315,3,Mumbai,value,Agent,2025-10-11 00:00:00,Yes,High,9133,5,9.2,0.69629,5802.416666666667,-3330.583333333333,1.0
1291,100058,67,130228,130228,822,10,,SME,Agent,2024-05-21 00:00:00,No,Low,9033,118,3.3,1.30228,10852.333333333334,1819.333333333334,1.0
1292,100134,58,92889,92889,324,12,Pune,value,Agent,2022-07-03 00:00:00,No,High,23077,101,8.0,0.92889,7740.75,-15336.25,1.0
1293,101141,43,113340,113340,537,10,Kolkata,SME,Branch,2023-08-28 00:00:00,Yes,High,16852,16,6.7,1.1334,9445.0,-7407.0,1.0
1294,100934,34,155513,155513,356,11,Bangalore,Premium,Mobile,2026-02-01 00:00:00,Yes,High,25456,87,7.1,1.55513,12959.416666666666,-12496.583333333334,1.0
1295,101719,60,117051,117051,814,9,Chennai,Corporate,Online,2023-06-22 00:00:00,No,Low,24646,142,8.0,1.17051,9754.25,-14891.75,1.0
1296,100824,75,170556,170556,802,15,Mumbai,Retail,Mobile,2023-06-26 00:00:00,Yes,High,47552,149,4.0,1.70556,14213.0,-33339.0,1.0
1297,101215,68,205217,205217,620,15,Bangalore,Premium,Online,2025-08-11 00:00:00,Yes,Medium,29265,148,2.9,2.05217,17101.416666666668,-12163.583333333332,1.0
1298,100505,23,183492,183492,582,14,Mumbai,SME,Agent,2021-08-01 00:00:00,Yes,High,41931,94,2.6,1.83492,15291.0,-26640.0,1.0
1299,101812,32,180024,180024,632,11,Pune,Corporate,Branch,,Yes,Medium,25959,45,4.9,1.80024,15002.0,-10957.0,1.0
1300,100348,28,135091,135091,515,7,Bangalore,SME,Online,2025-06-28 00:00:00,Yes,High,27834,44,3.2,1.35091,11257.583333333334,-16576.416666666664,1.0
1301,100387,72,203980,203980,465,7,Delhi,Retail,Agent,2023-04-02 00:00:00,No,High,40627,8,6.3,2.0398,16998.333333333332,-23628.666666666668,1.0
1302,101025,41,82009,82009,809,0,Bangalore,Retail,Online,2024-11-28 00:00:00,Yes,Low,16195,12,3.9,0.82009,6834.083333333333,-9360.916666666668,1.0
1303,100895,35,211186,211186,843,3,Pune,Premium,Mobile,,Yes,Low,36473,19,6.7,2.11186,17598.833333333332,-18874.166666666668,1.0
1304,100829,64,139999,139999,845,4,Mumbai,SME,Branch,2023-10-31 00:00:00,No,Low,47252,64,9.1,1.39999,11666.583333333334,-35585.416666666664,1.0
1305,101933,47,242569,242569,610,0,Bangalore,Corporate,Online,2023-11-18 00:00:00,Yes,Medium,17684,131,1.2,2.42569,20214.083333333332,2530.083333333332,1.0
1306,100476,74,238567,238567,741,12,Pune,SME,Online,2021-05-31 00:00:00,Yes,Low,40666,58,8.4,2.38567,19880.583333333332,-20785.416666666668,1.0
1307,101573,20,108457,108457,781,9,Pune,Retail,Online,2025-12-23 00:00:00,No,Low,20159,147,9.9,1.08457,9038.083333333334,-11120.916666666666,1.0
1308,101476,19,87424,87424,824,13,Kolkata,Retail,Agent,2025-05-02 00:00:00,Yes,Low,49528,108,2.3,0.87424,7285.333333333333,-42242.666666666664,1.0
1309,101425,47,213490,213490,396,5,Mumbai,SME,Branch,2025-12-09 00:00:00,Yes,High,28146,109,9.8,2.1349,17790.833333333332,-10355.166666666668,1.0
1310,100653,34,71819,71819,373,9,Delhi,SME,Online,2021-02-26 00:00:00,Yes,High,42465,92,9.1,0.71819,5984.916666666667,-36480.083333333336,1.0
1311,100173,49,77307,77307,837,11,Kolkata,Corporate,Online,2021-08-13 00:00:00,Yes,Low,23565,75,9.7,0.77307,6442.25,-17122.75,1.0
1312,101150,20,89027,89027,683,6,Chennai,Premium,Mobile,2024-12-10 00:00:00,Yes,Medium,49409,5,5.595907928388747,0.89027,7418.916666666667,-41990.083333333336,1.0
1313,100039,33,165588,165588,823,4,Kolkata,SME,Branch,2021-01-14 00:00:00,Yes,Low,1065,88,4.4,1.65588,13799.0,12734.0,1.0
1314,100714,58,144735,144735,378,10,Chennai,value,Agent,2021-09-18 00:00:00,No,High,3508,29,3.4,1.44735,12061.25,8553.25,1.0
1315,100091,31,189134,189134,328,9,Hyderabad,Corporate,Online,2023-02-18 00:00:00,Yes,High,16517,121,2.2,1.89134,15761.166666666666,-755.8333333333339,1.0
1316,101977,40,162788,162788,365,5,Bangalore,Retail,Mobile,,Yes,High,934,38,6.2,1.62788,13565.666666666666,12631.666666666666,1.0
1317,101206,28,139999,139999,634,10,Mumbai,Premium,Branch,2023-09-08 00:00:00,Yes,Medium,1451,63,4.8,1.39999,11666.583333333334,10215.583333333334,1.0
1318,100876,45,144968,144968,677,11,Chennai,Corporate,Online,2022-11-09 00:00:00,No,High,8989,41,8.3,1.44968,12080.666666666666,3091.666666666666,1.0
1319,101553,56,27336,27336,515,0,Kolkata,SME,Mobile,not_a_date,No,High,23939,114,8.5,0.27336,2278.0,-21661.0,1.0
1320,101930,32,71403,71403,389,15,Kolkata,SME,Online,2023-07-08 00:00:00,Yes,High,5164,84,1.5,0.71403,5950.25,786.25,1.0
1321,101094,43,188856,188856,664,9,Chennai,SME,Online,,Yes,Medium,28489,73,8.3,1.88856,15738.0,-12751.0,1.0
1322,101156,64,149917,149917,526,3,Kolkata,Premium,Online,2021-09-05 00:00:00,Yes,High,32627,53,2.3,1.49917,12493.083333333334,-20133.916666666664,1.0
1323,101964,51,156265,156265,521,0,Bangalore,Corporate,Mobile,2021-06-15 00:00:00,Yes,High,19745,82,8.6,1.56265,13022.083333333334,-6722.916666666666,1.0
1324,101999,21,111716,111716,801,4,Bangalore,Premium,Branch,2023-07-14 00:00:00,No,Low,49779,98,2.3,1.11716,9309.666666666666,-40469.333333333336,1.0
1325,100500,75,222576,222576,515,7,Mumbai,Corporate,Mobile,2024-09-29 00:00:00,Yes,High,1900,76,4.1,2.22576,18548.0,16648.0,1.0
1326,100339,33,212518,212518,674,12,Mumbai,Retail,Online,2021-04-21 00:00:00,Yes,Medium,35983,67,4.7,2.12518,17709.833333333332,-18273.166666666668,1.0
1327,101189,48,181299,181299,847,0,Pune,SME,Online,,No,Low,22062,149,3.6,1.81299,15108.25,-6953.75,1.0
1328,100029,50,66873,66873,741,6,Mumbai,Corporate,Agent,2024-08-23 00:00:00,Yes,Low,19763,111,9.1,0.66873,5572.75,-14190.25,1.0
1329,101218,32,117949,117949,821,0,bangalore,SME,Online,2023-10-05 00:00:00,Yes,Low,12129,144,1.0,1.17949,9829.083333333334,-2299.916666666666,1.0
1330,101352,46,105073,105073,558,11,Chennai,SME,Branch,2024-03-26 00:00:00,No,Medium,23886,67,6.5,1.05073,8756.083333333334,-15129.916666666666,1.0
1331,101859,60,53365,53365,514,4,Chennai,Retail,Mobile,2023-03-27 00:00:00,Yes,High,5969,44,6.9,0.53365,4447.083333333333,-1521.916666666667,1.0
1332,100946,27,229894,229894,407,1,Mumbai,SME,Agent,,No,High,24646,41,5.1,2.29894,19157.833333333332,-5488.166666666668,1.0
1333,100170,59,207047,207047,446,0,Kolkata,Premium,Online,2025-03-28 00:00:00,Yes,High,48905,2,5.1,2.07047,17253.916666666668,-31651.083333333332,1.0
1334,101433,26,118808,118808,365,15,,Corporate,Mobile,2022-05-06 00:00:00,Yes,High,25858,57,7.9,1.18808,9900.666666666666,-15957.333333333334,1.0
1335,101198,54,34503,34503,313,3,Kolkata,SME,Agent,2025-03-22 00:00:00,Yes,High,41656,62,8.5,0.34503,2875.25,-38780.75,1.0
1336,101254,27,68541,68541,703,10,Hyderabad,Corporate,Mobile,2024-06-02 00:00:00,No,Low,6490,103,9.7,0.68541,5711.75,-778.25,1.0
1337,101762,26,58866,58866,711,5,Chennai,Premium,Agent,2025-01-23 00:00:00,No,Low,13089,97,2.6,0.58866,4905.5,-8183.5,1.0
1338,100913,47,139999,139999,841,5,Kolkata,Corporate,Online,2023-09-27 00:00:00,No,Low,5403,21,6.3,1.39999,11666.583333333334,6263.583333333334,1.0
1339,100492,49,223350,223350,738,8,Chennai,Premium,Branch,2024-01-18 00:00:00,NO,Low,24653,72,2.5,2.2335,18612.5,-6040.5,1.0
1340,100954,68,139099,139099,553,9,Mumbai,Premium,Branch,2022-11-23 00:00:00,No,Medium,25476,68,4.8,1.39099,11591.583333333334,-13884.416666666666,1.0
1341,101098,47,129576,129576,416,1,Kolkata,Retail,Online,2022-08-01 00:00:00,Yes,High,21820,89,7.7,1.29576,10798.0,-11022.0,1.0
1342,101033,60,236426,236426,506,11,Chennai,Retail,Branch,2025-06-19 00:00:00,Yes,High,12148,142,5.0,2.36426,19702.166666666668,7554.166666666668,1.0
1343,100588,43,243200,243200,837,2,Mumbai,Premium,Agent,2024-06-25 00:00:00,Yes,High,10020,142,8.3,2.432,20266.666666666668,10246.666666666668,1.0
1344,100751,46,113920,113920,633,3,Pune,Retail,Branch,2024-09-11 00:00:00,Yes,Medium,1350,100,4.4,1.1392,9493.333333333334,8143.333333333334,1.0
1345,100658,27,215961,215961,583,13,Mumbai,Premium,Branch,2024-04-04 00:00:00,No,Medium,24646,49,6.1,2.15961,17996.75,-6649.25,1.0
1346,100235,49,59531,59531,327,11,Delhi,SME,Agent,2021-01-02 00:00:00,No,High,10970,71,1.7,0.59531,4960.916666666667,-6009.083333333333,1.0
1347,100733,38,208321,208321,601,7,Pune,Corporate,Branch,2023-05-31 00:00:00,Yes,Medium,46083,127,6.2,2.08321,17360.083333333332,-28722.916666666668,1.0
1348,100793,61,217018,217018,545,12,Kolkata,Corporate,Online,2026-01-03 00:00:00,Yes,High,42061,64,5.8,2.17018,18084.833333333332,-23976.166666666668,1.0
1349,101718,71,51819,51819,696,3,chennai,Premium,Branch,2025-06-04 00:00:00,Yes,Medium,38230,62,7.3,0.51819,4318.25,-33911.75,1.0
1350,101157,39,151303,151303,622,9,Pune,Retail,Agent,2025-01-17 00:00:00,Yes,Medium,44199,77,3.9,1.51303,12608.583333333334,-31590.416666666664,1.0
1351,101997,42,227416,227416,323,11,Bangalore,Retail,Agent,2022-03-17 00:00:00,Yes,High,37785,91,4.6,2.27416,18951.333333333332,-18833.666666666668,1.0
1352,101453,18,181351,181351,714,10,Mumbai,SME,Online,2022-08-21 00:00:00,Yes,Low,25220,12,9.8,1.81351,15112.583333333334,-10107.416666666666,1.0
1353,101659,57,62991,62991,689,8,,Corporate,Branch,2022-02-12 00:00:00,Yes,Medium,11925,27,8.9,0.62991,5249.25,-6675.75,1.0
1354,100935,22,228981,228981,411,7,Mumbai,Retail,Agent,2023-03-18 00:00:00,No,High,42532,53,9.7,2.28981,19081.75,-23450.25,1.0
1355,101210,71,178240,178240,570,2,Bangalore,Premium,Online,2021-04-16 00:00:00,Yes,Medium,24646,69,9.8,1.7824,14853.333333333334,-9792.666666666666,1.0
1356,101066,59,25163,25163,777,14,Bangalore,Retail,Online,2024-06-15 00:00:00,Yes,Low,10283,66,1.9,0.25163,2096.9166666666665,-8186.083333333334,1.0
1357,100109,62,54257,54257,308,7,Delhi,Premium,Agent,,Yes,High,23459,144,1.6,0.54257,4521.416666666667,-18937.583333333332,1.0
1358,101574,41,39357,39357,402,15,Mumbai,SME,Agent,2025-04-05 00:00:00,No,High,30150,92,5.1,0.39357,3279.75,-26870.25,1.0
1359,100569,29,79061,79061,421,13,Bangalore,Corporate,Mobile,2022-09-24 00:00:00,Yes,High,25877,128,8.3,0.79061,6588.416666666667,-19288.583333333332,1.0
1360,101168,23,86063,86063,796,15,,Retail,Agent,,No,Low,44010,5,8.2,0.86063,7171.916666666667,-36838.083333333336,1.0
1361,101175,47,122661,122661,417,9,Kolkata,SME,Branch,2024-05-07 00:00:00,Yes,High,39947,25,7.0,1.22661,10221.75,-29725.25,1.0
1362,100891,47,55682,55682,597,0,Delhi,Corporate,Agent,2025-12-09 00:00:00,No,Medium,14450,103,3.8,0.55682,4640.166666666667,-9809.833333333332,1.0
1363,100948,34,187624,187624,557,13,Bangalore,Premium,Online,2022-06-17 00:00:00,Yes,Medium,17587,126,9.6,1.87624,15635.333333333334,-1951.666666666666,1.0
1364,101049,21,229366,229366,498,8,Kolkata,Retail,Mobile,2025-08-12 00:00:00,Yes,High,5095,25,7.6,2.29366,19113.833333333332,14018.833333333332,1.0
1365,101379,25,216675,216675,351,13,,Corporate,Online,2022-11-07 00:00:00,,High,49916,18,2.0,2.16675,18056.25,-31859.75,1.0
1366,101645,41,205231,205231,805,7,Chennai,SME,Branch,2024-01-25 00:00:00,No,Low,34978,59,4.3,2.05231,17102.583333333332,-17875.416666666668,1.0
1367,101475,55,170047,170047,346,5,Chennai,SME,Agent,2022-07-20 00:00:00,Yes,High,24646,47,2.0,1.70047,14170.583333333334,-10475.416666666666,1.0
1368,100885,70,144264,144264,356,2,Mumbai,Corporate,Branch,2026-01-28 00:00:00,Yes,High,49755,69,9.9,1.44264,12022.0,-37733.0,1.0
1369,101707,70,26283,26283,346,11,Pune,SME,Branch,2024-09-12 00:00:00,No,High,24646,138,1.8,0.26283,2190.25,-22455.75,1.0
1370,100851,71,93619,93619,608,10,Mumbai,SME,Mobile,2024-07-07 00:00:00,No,Medium,15420,102,5.7,0.93619,7801.583333333333,-7618.416666666667,1.0
1371,100735,70,106929,106929,488,11,Pune,Corporate,Online,2024-04-02 00:00:00,Yes,High,45452,9,1.7,1.06929,8910.75,-36541.25,1.0
1372,100718,24,37149,37149,837,6,Bangalore,Retail,Agent,2023-02-16 00:00:00,Yes,Low,31404,140,5.9,0.37149,3095.75,-28308.25,1.0
1373,100455,19,111475,111475,381,12,Pune,Retail,Online,2022-06-19 00:00:00,Yes,High,24646,16,7.1,1.11475,9289.583333333334,-15356.416666666666,1.0
1374,100265,61,206002,206002,481,8,Delhi,Premium,Online,2021-12-05 00:00:00,Yes,High,21915,110,6.0,2.06002,17166.833333333332,-4748.166666666668,1.0
1375,100076,57,72638,72638,732,2,Chennai,Premium,Mobile,2023-01-11 00:00:00,Yes,Low,39293,116,5.595907928388747,0.72638,6053.166666666667,-33239.833333333336,1.0
1376,101691,29,30906,30906,328,10,Mumbai,Premium,Branch,2022-08-10 00:00:00,Yes,High,14302,10,5.0,0.30906,2575.5,-11726.5,1.0
1377,100445,63,225422,225422,555,4,Pune,Retail,Mobile,2024-05-02 00:00:00,No,Medium,30946,7,4.6,2.25422,18785.166666666668,-12160.833333333332,1.0
1378,100396,25,105818,105818,358,11,Bangalore,Retail,Branch,2025-05-25 00:00:00,No,High,8698,145,6.9,1.05818,8818.166666666666,120.16666666666606,1.0
1379,100177,49,77930,77930,532,7,Pune,Retail,Branch,2025-06-11 00:00:00,No,High,29883,80,7.3,0.7793,6494.166666666667,-23388.833333333332,1.0
1380,101043,28,218718,218718,745,12,Kolkata,SME,Online,2023-11-03 00:00:00,No,Low,566,18,2.0,2.18718,18226.5,17660.5,1.0
1381,101772,56,232709,232709,724,2,Mumbai,Corporate,Agent,,No,Low,17859,29,7.0,2.32709,19392.416666666668,1533.4166666666679,1.0
1382,101430,45,190937,190937,850,1,Mumbai,Retail,Online,2024-07-14 00:00:00,Yes,Low,47090,63,7.3,1.90937,15911.416666666666,-31178.583333333336,1.0
1383,101542,45,115536,115536,402,6,Hyderabad,Premium,Mobile,2021-07-24 00:00:00,No,High,31628,130,1.7,1.15536,9628.0,-22000.0,1.0
1384,101408,60,139999,139999,486,4,Kolkata,value,Agent,2022-01-20 00:00:00,Yes,High,10489,12,5.595907928388747,1.39999,11666.583333333334,1177.583333333334,1.0
1385,100596,54,181995,181995,461,8,Hyderabad,Retail,Agent,2025-07-19 00:00:00,,High,47186,59,5.7,1.81995,15166.25,-32019.75,1.0
1386,100062,47,182364,182364,749,10,Chennai,Corporate,Online,2025-02-03 00:00:00,No,Low,17885,16,8.8,1.82364,15197.0,-2688.0,1.0
1387,101297,52,63787,63787,568,12,Kolkata,Corporate,Online,2023-05-21 00:00:00,No,Medium,24646,49,6.0,0.63787,5315.583333333333,-19330.416666666668,1.0
1388,100873,75,81273,81273,385,5,Hyderabad,SME,Branch,2021-05-12 00:00:00,Yes,High,24646,27,7.7,0.81273,6772.75,-17873.25,1.0
1389,101784,36,166559,166559,532,6,Hyderabad,SME,Online,2025-08-12 00:00:00,No,High,28931,2,2.1,1.66559,13879.916666666666,-15051.083333333334,1.0
1390,101919,73,206572,206572,570,7,Hyderabad,Retail,Mobile,2021-12-23 00:00:00,Yes,Low,17946,76,7.9,2.06572,17214.333333333332,-731.6666666666679,1.0
1391,100279,69,99441,99441,586,6,Chennai,Corporate,Online,2023-03-29 00:00:00,,Medium,9856,112,1.4,0.99441,8286.75,-1569.25,1.0
1392,100037,59,70648,70648,332,10,Chennai,Corporate,Branch,2025-07-16 00:00:00,Yes,High,14976,88,1.6,0.70648,5887.333333333333,-9088.666666666668,1.0
1393,101547,68,116006,116006,416,14,Mumbai,SME,Branch,2025-01-19 00:00:00,Yes,High,29278,130,5.9,1.16006,9667.166666666666,-19610.833333333336,1.0
1394,100663,47,189246,189246,570,3,Hyderabad,value,Online,2023-06-09 00:00:00,No,High,6268,90,1.9,1.89246,15770.5,9502.5,1.0
1395,101845,47,225857,225857,582,12,Delhi,Corporate,Branch,2022-03-21 00:00:00,Yes,Medium,36099,131,2.1,2.25857,18821.416666666668,-17277.583333333332,1.0
1396,101473,43,163782,163782,720,12,Chennai,Premium,Branch,2025-11-05 00:00:00,Yes,Low,24646,86,2.3,1.63782,13648.5,-10997.5,1.0
1397,100978,22,80099,80099,518,0,Delhi,Corporate,Mobile,2021-03-05 00:00:00,Yes,High,5916,131,1.7,0.80099,6674.916666666667,758.916666666667,1.0
1398,101603,48,186645,186645,408,3,Hyderabad,SME,Online,2022-10-27 00:00:00,No,High,5264,111,2.0,1.86645,15553.75,10289.75,1.0
1399,100739,56,139999,139999,417,2,Kolkata,Retail,Online,2023-08-11 00:00:00,Yes,High,1720,96,5.3,1.39999,11666.583333333334,9946.583333333334,1.0
1400,100192,39,30626,30626,467,1,Delhi,SME,Agent,2025-01-16 00:00:00,No,High,45705,15,6.5,0.30626,2552.1666666666665,-43152.833333333336,1.0
1401,100920,39,139999,139999,485,3,delhi,Premium,Branch,2022-11-20 00:00:00,No,High,26839,67,6.5,1.39999,11666.583333333334,-15172.416666666666,1.0
1402,100457,34,168660,168660,776,11,Bangalore,Corporate,Online,2024-10-03 00:00:00,Yes,Low,39964,63,6.4,1.6866,14055.0,-25909.0,1.0
1403,100676,53,234684,234684,475,5,Kolkata,value,Agent,2022-06-06 00:00:00,,High,22306,79,9.5,2.34684,19557.0,-2749.0,1.0
1404,100761,34,105532,105532,758,6,Pune,SME,Online,2025-03-19 00:00:00,Yes,Low,32046,71,1.5,1.05532,8794.333333333334,-23251.666666666664,1.0
1405,101946,41,113668,113668,457,11,Hyderabad,Premium,Agent,2023-12-04 00:00:00,No,High,8104,102,4.3,1.13668,9472.333333333334,1368.333333333334,1.0
1406,101742,39,34346,34346,574,7,Mumbai,SME,Agent,2025-08-28 00:00:00,No,Medium,9872,80,8.8,0.34346,2862.1666666666665,-7009.833333333334,1.0
1407,100729,52,179741,179741,348,3,Pune,Premium,Online,2021-01-01 00:00:00,Yes,High,36528,90,1.7,1.79741,14978.416666666666,-21549.583333333336,1.0
1408,101400,57,162328,162328,480,13,Kolkata,SME,Branch,2025-08-17 00:00:00,Yes,High,22749,95,2.8,1.62328,13527.333333333334,-9221.666666666666,1.0
1409,100413,61,42778,42778,597,9,Delhi,Corporate,Online,2024-04-01 00:00:00,Yes,Medium,32923,125,5.6,0.42778,3564.8333333333335,-29358.166666666668,1.0
1410,101099,52,220713,220713,806,7,Delhi,Corporate,Branch,2023-09-26 00:00:00,No,Low,24646,76,8.7,2.20713,18392.75,-6253.25,1.0
1411,100826,62,81549,81549,663,12,Delhi,Corporate,Agent,2025-07-28 00:00:00,Yes,High,40939,111,2.3,0.81549,6795.75,-34143.25,1.0
1412,101656,34,196918,196918,413,5,Delhi,Retail,Mobile,2023-07-25 00:00:00,No,High,46131,48,6.8,1.96918,16409.833333333332,-29721.166666666668,1.0
1413,100617,41,52723,52723,578,5,Delhi,Retail,Online,,No,Medium,9345,63,3.4,0.52723,4393.583333333333,-4951.416666666667,1.0
1414,100115,42,116357,116357,724,4,Chennai,Corporate,Online,2023-02-17 00:00:00,Yes,Low,8056,43,8.5,1.16357,9696.416666666666,1640.416666666666,1.0
1415,100418,70,204436,204436,731,7,Delhi,Retail,Branch,2022-10-05 00:00:00,Yes,Low,16402,61,4.1,2.04436,17036.333333333332,634.3333333333321,1.0
1416,101951,24,121019,121019,787,10,Delhi,Premium,Online,2021-05-05 00:00:00,No,Low,44472,96,9.5,1.21019,10084.916666666666,-34387.083333333336,1.0
1417,100970,47,139999,139999,442,13,,SME,Agent,2022-12-18 00:00:00,Yes,High,21631,133,7.6,1.39999,11666.583333333334,-9964.416666666666,1.0
1418,100605,48,121652,121652,380,14,Chennai,Retail,Branch,2025-05-22 00:00:00,Yes,High,10790,2,9.8,1.21652,10137.666666666666,-652.3333333333339,1.0
1419,101959,68,243517,243517,643,8,Delhi,SME,Agent,2024-12-29 00:00:00,Yes,Medium,1678,106,8.7,2.43517,20293.083333333332,18615.083333333332,1.0
1420,100090,53,116659,116659,647,4,Bangalore,SME,Online,,Yes,Medium,33156,127,4.3,1.16659,9721.583333333334,-23434.416666666664,1.0
1421,100849,70,139999,139999,301,2,Delhi,Premium,Agent,2023-12-04 00:00:00,No,High,23352,46,8.4,1.39999,11666.583333333334,-11685.416666666666,1.0
1422,101551,46,189437,189437,345,11,Delhi,Premium,Online,2024-09-02 00:00:00,Yes,High,1075,19,6.4,1.89437,15786.416666666666,14711.416666666666,1.0
1423,101958,70,187331,187331,501,11,Delhi,Retail,Agent,2023-10-02 00:00:00,Yes,High,24646,4,4.6,1.87331,15610.916666666666,-9035.083333333334,1.0
1424,100754,47,221553,221553,498,6,Mumbai,SME,Online,2023-11-22 00:00:00,Yes,High,999,55,7.6,2.21553,18462.75,17463.75,1.0
1425,100499,75,106537,106537,812,8,Delhi,Premium,Online,2021-01-17 00:00:00,Yes,Low,18908,72,3.1,1.06537,8878.083333333334,-10029.916666666666,1.0
1426,101277,67,33894,33894,551,4,Chennai,Premium,Mobile,2021-03-08 00:00:00,No,High,14461,34,8.0,0.33894,2824.5,-11636.5,1.0
1427,101326,72,114464,114464,479,15,Pune,Premium,Branch,2023-10-22 00:00:00,No,High,16077,79,8.9,1.14464,9538.666666666666,-6538.333333333334,1.0
1428,100012,47,54192,54192,603,15,Kolkata,Retail,Branch,2025-02-25 00:00:00,Yes,Medium,38287,122,9.0,0.54192,4516.0,-33771.0,1.0
1429,100397,44,29703,29703,626,14,Delhi,Premium,Agent,2025-05-27 00:00:00,No,Medium,10601,59,3.3,0.29703,2475.25,-8125.75,1.0
1430,100285,33,74153,74153,778,9,Pune,Premium,Mobile,2023-11-26 00:00:00,Yes,Low,29218,131,10.0,0.74153,6179.416666666667,-23038.583333333332,1.0
1431,101067,39,66424,66424,719,10,Delhi,Corporate,Agent,2025-07-14 00:00:00,Yes,Low,24241,80,2.3,0.66424,5535.333333333333,-18705.666666666668,1.0
1432,101192,26,42153,42153,687,4,Bangalore,SME,Online,2024-02-08 00:00:00,Yes,Medium,45688,107,6.3,0.42153,3512.75,-42175.25,1.0
1433,101781,55,157161,157161,577,10,Mumbai,SME,Branch,2022-06-21 00:00:00,Yes,High,40832,81,3.6,1.57161,13096.75,-27735.25,1.0
1434,100691,40,146999,146999,572,12,Hyderabad,Retail,Branch,unknown,Yes,Medium,33834,50,2.3,1.46999,12249.916666666666,-21584.083333333336,1.0
1435,101663,56,110445,110445,381,15,Kolkata,SME,Mobile,2021-08-07 00:00:00,No,High,44461,21,6.8,1.10445,9203.75,-35257.25,1.0
1436,101916,20,223100,223100,797,2,Hyderabad,Corporate,Online,2024-04-20 00:00:00,No,Low,15879,106,3.9,2.231,18591.666666666668,2712.666666666668,1.0
1437,100690,41,187082,187082,636,8,Pune,Corporate,Branch,2022-02-08 00:00:00,Yes,Medium,14489,64,7.8,1.87082,15590.166666666666,1101.166666666666,1.0
1438,100852,20,185400,185400,821,12,Pune,Corporate,Agent,2022-05-05 00:00:00,No,Low,10443,35,2.8,1.854,15450.0,5007.0,1.0
1439,100160,22,170360,170360,447,7,Kolkata,value,Mobile,2023-05-28 00:00:00,Yes,High,32918,35,7.7,1.7036,14196.666666666666,-18721.333333333336,1.0
1440,100896,47,152810,152810,324,4,Bangalore,Premium,Online,2021-01-13 00:00:00,Yes,High,47244,2,8.3,1.5281,12734.166666666666,-34509.833333333336,1.0
1441,101607,24,228127,228127,655,13,Kolkata,Corporate,Agent,2023-01-05 00:00:00,Yes,Medium,43856,133,1.5,2.28127,19010.583333333332,-24845.416666666668,1.0
1442,100258,54,177876,177876,425,12,Bangalore,Corporate,Mobile,2023-12-27 00:00:00,Yes,High,10471,99,5.595907928388747,1.77876,14823.0,4352.0,1.0
1443,100336,52,230209,230209,429,11,Bangalore,Retail,Branch,2023-08-15 00:00:00,Yes,High,10822,70,3.6,2.30209,19184.083333333332,8362.083333333332,1.0
1444,101920,47,235223,235223,826,11,Pune,SME,Online,2022-06-28 00:00:00,Yes,High,38821,146,4.2,2.35223,19601.916666666668,-19219.083333333332,1.0
1445,101040,72,101373,101373,550,3,Bangalore,Corporate,Online,2024-09-16 00:00:00,Yes,Medium,26859,77,9.4,1.01373,8447.75,-18411.25,1.0
1446,100516,56,181683,181683,771,3,Delhi,Premium,Mobile,2022-08-01 00:00:00,Yes,Low,31567,88,9.7,1.81683,15140.25,-16426.75,1.0
1447,101349,56,27023,27023,635,6,,Retail,Mobile,2024-10-08 00:00:00,No,High,24646,142,4.6,0.27023,2251.9166666666665,-22394.083333333332,1.0
1448,101016,22,79823,79823,821,2,Kolkata,value,Online,2025-01-04 00:00:00,Yes,Low,1561,76,3.7,0.79823,6651.916666666667,5090.916666666667,1.0
1449,100769,67,65390,65390,378,3,,Corporate,Mobile,2021-02-20 00:00:00,No,High,48870,64,5.8,0.6539,5449.166666666667,-43420.833333333336,1.0
1450,101783,29,230735,230735,403,4,Chennai,Retail,Mobile,2023-02-20 00:00:00,Yes,High,12618,8,5.595907928388747,2.30735,19227.916666666668,6609.916666666668,1.0
1451,100762,55,74104,74104,813,13,Mumbai,Retail,Branch,,No,Low,37101,71,3.3,0.74104,6175.333333333333,-30925.666666666668,1.0
1452,101247,50,107566,107566,711,4,Chennai,Corporate,Branch,2025-10-28 00:00:00,Yes,Low,5175,67,8.8,1.07566,8963.833333333334,3788.833333333334,1.0
1453,101204,37,139999,139999,578,11,Kolkata,Retail,Agent,2022-08-06 00:00:00,No,Medium,21323,4,1.0,1.39999,11666.583333333334,-9656.416666666666,1.0
1454,101507,58,128864,128864,706,3,Chennai,SME,Mobile,2025-11-16 00:00:00,No,Low,41107,133,9.0,1.28864,10738.666666666666,-30368.333333333336,1.0
1455,101084,74,170128,170128,632,7,Pune,SME,Agent,2025-12-11 00:00:00,Yes,Medium,21125,128,5.6,1.70128,14177.333333333334,-6947.666666666666,1.0
1456,100522,47,139999,139999,528,7,Kolkata,value,Agent,2024-11-08 00:00:00,Yes,High,9337,5,4.6,1.39999,11666.583333333334,2329.583333333334,1.0
1457,100023,41,94669,94669,389,10,Pune,SME,Mobile,2023-11-01 00:00:00,Yes,High,35503,125,6.1,0.94669,7889.083333333333,-27613.916666666668,1.0
1458,100357,42,95316,95316,766,8,Kolkata,Retail,Branch,2023-05-15 00:00:00,No,Low,44828,71,1.1,0.95316,7943.0,-36885.0,1.0
1459,101278,31,174109,174109,802,8,Delhi,Premium,Agent,2022-04-20 00:00:00,Yes,Low,27613,70,8.4,1.74109,14509.083333333334,-13103.916666666666,1.0
1460,101313,57,142235,142235,467,4,Hyderabad,Premium,Branch,2025-03-14 00:00:00,Yes,High,28027,33,8.1,1.42235,11852.916666666666,-16174.083333333334,1.0
1461,101717,19,80426,80426,753,14,Bangalore,Retail,Online,,Yes,Low,46570,95,8.7,0.80426,6702.166666666667,-39867.833333333336,1.0
1462,100341,37,139999,139999,491,15,Bangalore,SME,Mobile,2024-08-31 00:00:00,Yes,High,32115,1,9.2,1.39999,11666.583333333334,-20448.416666666664,1.0
1463,100432,38,51916,51916,323,2,Mumbai,Corporate,Online,2022-01-16 00:00:00,Yes,High,20173,39,4.9,0.51916,4326.333333333333,-15846.666666666668,1.0
1464,100474,47,244648,244648,427,0,Chennai,Retail,Agent,2024-02-28 00:00:00,Yes,High,35062,68,1.8,2.44648,20387.333333333332,-14674.666666666668,1.0
1465,100218,30,195182,195182,734,1,Delhi,Retail,Branch,2025-11-18 00:00:00,No,Low,27790,149,7.0,1.95182,16265.166666666666,-11524.833333333334,1.0
1466,100912,35,123864,123864,387,12,Delhi,Premium,Agent,2022-03-28 00:00:00,No,High,27402,100,7.7,1.23864,10322.0,-17080.0,1.0
1467,101228,71,217404,217404,778,9,Mumbai,Corporate,Mobile,2022-09-15 00:00:00,Yes,Low,21734,75,1.9,2.17404,18117.0,-3617.0,1.0
1468,101628,40,48648,48648,537,12,Mumbai,Premium,Online,2026-02-13 00:00:00,,High,33775,54,8.5,0.48648,4054.0,-29721.0,1.0
1469,101012,72,179363,179363,698,12,Delhi,SME,Branch,2024-10-19 00:00:00,Yes,Medium,33577,54,9.6,1.79363,14946.916666666666,-18630.083333333336,1.0
1470,101990,20,120074,120074,842,9,Delhi,Corporate,Online,2024-09-02 00:00:00,Yes,Low,40407,130,3.2,1.20074,10006.166666666666,-30400.833333333336,1.0
1471,100094,32,216533,216533,695,2,Mumbai,SME,Mobile,2024-07-25 00:00:00,No,High,23616,78,1.5,2.16533,18044.416666666668,-5571.583333333332,1.0
1472,101009,41,162478,162478,400,8,Bangalore,SME,Agent,not_a_date,Yes,High,9727,106,6.9,1.62478,13539.833333333334,3812.833333333334,1.0
1473,101071,22,160870,160870,802,11,Pune,Retail,Agent,2023-09-18 00:00:00,Yes,Low,17281,129,5.7,1.6087,13405.833333333334,-3875.166666666666,1.0
1474,101093,34,186983,186983,318,13,Bangalore,Corporate,Online,,No,High,34130,105,1.3,1.86983,15581.916666666666,-18548.083333333336,1.0
1475,101617,46,31823,31823,683,13,Kolkata,Corporate,Online,2022-01-04 00:00:00,Yes,Medium,13227,18,6.0,0.31823,2651.9166666666665,-10575.083333333334,1.0
1476,101309,35,101865,101865,451,9,Kolkata,Corporate,Branch,2021-12-06 00:00:00,No,High,25980,96,3.0,1.01865,8488.75,-17491.25,1.0
1477,100697,30,201048,201048,451,0,Pune,Corporate,Online,2024-06-30 00:00:00,Yes,High,11188,101,9.1,2.01048,16754.0,5566.0,1.0
1478,101831,70,221749,221749,465,11,Hyderabad,Retail,Agent,2025-01-28 00:00:00,Yes,High,40130,132,9.5,2.21749,18479.083333333332,-21650.916666666668,1.0
1479,100997,67,248134,248134,781,6,Hyderabad,Corporate,Mobile,2021-12-10 00:00:00,Yes,High,8903,10,3.1,2.48134,20677.833333333332,11774.833333333332,1.0
1480,101459,38,212686,212686,348,1,Chennai,Corporate,Agent,2023-09-16 00:00:00,Yes,High,39930,50,3.5,2.12686,17723.833333333332,-22206.166666666668,1.0
1481,100154,52,54241,54241,817,5,Kolkata,Retail,Branch,2025-03-06 00:00:00,No,Low,49935,32,5.6,0.54241,4520.083333333333,-45414.916666666664,1.0
1482,101100,69,205795,205795,845,0,Pune,Premium,Online,2022-03-11 00:00:00,Yes,Low,24646,139,5.595907928388747,2.05795,17149.583333333332,-7496.416666666668,1.0
1483,101753,60,50556,50556,827,7,Pune,Corporate,Branch,2025-07-06 00:00:00,No,Low,24603,110,8.5,0.50556,4213.0,-20390.0,1.0
1484,101291,25,221167,221167,513,5,Bangalore,Retail,Branch,2025-06-09 00:00:00,Yes,High,24646,75,4.5,2.21167,18430.583333333332,-6215.416666666668,1.0
1485,100790,23,134847,134847,823,3,Chennai,Premium,Mobile,2024-09-05 00:00:00,Yes,Low,21670,4,1.6,1.34847,11237.25,-10432.75,1.0
1486,100581,66,61059,61059,620,13,Pune,Retail,Agent,2021-07-30 00:00:00,Yes,Medium,9090,78,4.4,0.61059,5088.25,-4001.75,1.0
1487,101471,69,193123,193123,422,6,Kolkata,SME,Agent,2025-12-06 00:00:00,No,High,37531,19,7.2,1.93123,16093.583333333334,-21437.416666666664,1.0
1488,100704,66,139999,139999,313,9,Mumbai,SME,Branch,2022-09-08 00:00:00,No,High,21327,10,6.5,1.39999,11666.583333333334,-9660.416666666666,1.0
1489,101213,73,139999,139999,664,14,Kolkata,Corporate,Agent,2023-09-06 00:00:00,Yes,Medium,37767,100,3.7,1.39999,11666.583333333334,-26100.416666666664,1.0
1490,101296,47,238440,238440,818,11,Kolkata,Retail,Online,2022-02-10 00:00:00,Yes,Low,29336,123,3.6,2.3844,19870.0,-9466.0,1.0
1491,101700,23,181222,181222,570,0,Hyderabad,value,Mobile,2022-01-25 00:00:00,No,Medium,49885,3,1.2,1.81222,15101.833333333334,-34783.166666666664,1.0
1492,101261,18,144246,144246,434,8,Kolkata,SME,Branch,2022-06-26 00:00:00,Yes,High,47314,106,6.5,1.44246,12020.5,-35293.5,1.0
1493,100488,32,51155,51155,725,15,Chennai,value,Branch,2022-08-07 00:00:00,Yes,Low,46197,62,3.2,0.51155,4262.916666666667,-41934.083333333336,1.0
1494,100560,70,53625,53625,511,0,Pune,Corporate,Branch,2021-03-15 00:00:00,Yes,High,14724,19,7.8,0.53625,4468.75,-10255.25,1.0
1495,101142,61,139999,139999,671,2,Delhi,SME,Online,2024-02-08 00:00:00,Yes,Medium,11941,69,4.8,1.39999,11666.583333333334,-274.41666666666606,1.0
1496,101120,40,181503,181503,368,13,Pune,Corporate,Agent,2024-02-12 00:00:00,No,High,42710,140,1.8,1.81503,15125.25,-27584.75,1.0
1497,100802,62,37323,37323,742,11,Bangalore,SME,Agent,2021-12-27 00:00:00,Yes,Low,49942,69,6.8,0.37323,3110.25,-46831.75,1.0
1498,100513,61,139999,139999,527,7,Chennai,Retail,Branch,2024-02-08 00:00:00,Yes,High,30857,125,4.9,1.39999,11666.583333333334,-19190.416666666664,1.0
1499,100634,54,216305,216305,712,15,Chennai,value,Agent,2022-04-02 00:00:00,Yes,Low,6139,77,2.9,2.16305,18025.416666666668,11886.416666666668,1.0
1500,101510,71,42073,42073,570,12,Pune,Premium,Branch,2022-05-05 00:00:00,Yes,Low,24646,54,6.3,0.42073,3506.0833333333335,-21139.916666666668,1.0
1501,101825,38,83810,83810,795,12,Kolkata,Premium,Agent,2025-03-02 00:00:00,No,Low,31803,87,1.2,0.8381,6984.166666666667,-24818.833333333332,1.0
1502,101577,71,146673,146673,514,8,Mumbai,SME,Agent,2024-01-14 00:00:00,No,High,4168,45,5.4,1.46673,12222.75,8054.75,1.0
1503,101151,58,213978,213978,492,9,Mumbai,Corporate,Branch,2023-07-19 00:00:00,Yes,High,33112,121,5.7,2.13978,17831.5,-15280.5,1.0
1504,100791,48,185443,185443,479,11,Delhi,Retail,Agent,,Yes,High,32235,55,9.3,1.85443,15453.583333333334,-16781.416666666664,1.0
1505,100117,26,161156,161156,412,1,Bangalore,Corporate,Mobile,2026-03-11 00:00:00,Yes,High,18094,69,8.8,1.61156,13429.666666666666,-4664.333333333334,1.0
1506,101498,39,74733,74733,797,9,Hyderabad,Premium,Mobile,2023-09-19 00:00:00,Yes,Low,36638,147,9.9,0.74733,6227.75,-30410.25,1.0
1507,100741,47,144503,144503,443,4,Hyderabad,Corporate,Mobile,2023-06-25 00:00:00,Yes,High,26161,144,4.0,1.44503,12041.916666666666,-14119.083333333334,1.0
1508,100908,73,227043,227043,528,3,Chennai,Premium,Branch,2024-01-24 00:00:00,Yes,High,45786,148,3.0,2.27043,18920.25,-26865.75,1.0
1509,101082,47,46223,46223,444,3,Delhi,Premium,Agent,2021-06-27 00:00:00,No,High,25739,89,5.595907928388747,0.46223,3851.9166666666665,-21887.083333333332,1.0
1510,100831,33,161321,161321,821,11,Pune,SME,Online,2025-08-29 00:00:00,Yes,Low,8898,28,7.3,1.61321,13443.416666666666,4545.416666666666,1.0
1511,100120,47,228667,228667,565,2,Hyderabad,Corporate,Online,2024-02-15 00:00:00,Yes,Medium,2982,85,3.5,2.28667,19055.583333333332,16073.583333333332,1.0
1512,100657,43,237781,237781,826,5,Pune,Premium,Branch,2022-01-01 00:00:00,Yes,Low,40749,53,7.6,2.37781,19815.083333333332,-20933.916666666668,1.0
1513,101948,30,170639,170639,739,7,Pune,Corporate,Online,2023-07-28 00:00:00,Yes,Low,36337,29,3.4,1.70639,14219.916666666666,-22117.083333333336,1.0
1514,100636,20,102576,102576,468,9,Mumbai,Corporate,Online,2024-09-13 00:00:00,Yes,High,17308,7,6.4,1.02576,8548.0,-8760.0,1.0
1515,100370,50,25661,25661,821,11,Mumbai,Retail,Branch,2021-07-20 00:00:00,Yes,Low,36902,76,1.0,0.25661,2138.4166666666665,-34763.583333333336,1.0
1516,100269,49,231376,231376,738,8,Chennai,Premium,Agent,2024-05-27 00:00:00,Yes,Low,30401,46,7.6,2.31376,19281.333333333332,-11119.666666666668,1.0
1517,100656,46,183038,183038,331,15,Bangalore,Retail,Mobile,2022-06-19 00:00:00,Yes,High,28934,16,5.4,1.83038,15253.166666666666,-13680.833333333334,1.0
1518,100936,48,129211,129211,304,7,Mumbai,Premium,Online,2024-04-27 00:00:00,Yes,High,12164,44,4.3,1.29211,10767.583333333334,-1396.416666666666,1.0
1519,100823,23,160327,160327,825,12,Mumbai,Corporate,Mobile,2025-12-31 00:00:00,No,Low,27439,122,7.4,1.60327,13360.583333333334,-14078.416666666666,1.0
1520,100867,25,43752,43752,434,8,Kolkata,SME,Online,2022-04-19 00:00:00,Yes,High,27351,19,5.595907928388747,0.43752,3646.0,-23705.0,1.0
1521,100047,20,186633,186633,570,3,Kolkata,Retail,Online,2021-11-15 00:00:00,Yes,Medium,30159,76,8.1,1.86633,15552.75,-14606.25,1.0
1522,101374,41,134079,134079,465,10,bangalore,Premium,Agent,2022-10-20 00:00:00,Yes,High,22969,10,5.0,1.34079,11173.25,-11795.75,1.0
1523,101743,22,25587,25587,627,8,Delhi,Retail,Mobile,2021-12-03 00:00:00,Yes,Medium,18381,54,5.8,0.25587,2132.25,-16248.75,1.0
1524,100992,68,122033,122033,823,5,Kolkata,Premium,Branch,2023-08-11 00:00:00,Yes,Low,24646,69,7.7,1.22033,10169.416666666666,-14476.583333333334,1.0
1525,100877,54,139999,139999,689,10,Chennai,SME,Branch,2024-01-17 00:00:00,Yes,Medium,28460,56,7.0,1.39999,11666.583333333334,-16793.416666666664,1.0
1526,100774,46,183285,183285,679,14,Kolkata,Corporate,Branch,2025-10-07 00:00:00,Yes,Medium,27672,8,3.0,1.83285,15273.75,-12398.25,1.0
1527,101220,25,158533,158533,678,4,Delhi,Corporate,Online,2024-03-27 00:00:00,Yes,Medium,8194,62,2.7,1.58533,13211.083333333334,5017.083333333334,1.0
1528,100255,45,131661,131661,452,6,Delhi,Corporate,Branch,2025-07-30 00:00:00,Yes,High,49132,85,9.5,1.31661,10971.75,-38160.25,1.0
1529,100005,60,68642,68642,654,13,Hyderabad,Premium,Agent,,Yes,Medium,29992,76,8.7,0.68642,5720.166666666667,-24271.833333333332,1.0
1530,101004,51,217660,217660,480,5,Bangalore,Retail,Branch,2025-08-05 00:00:00,Yes,High,10967,103,2.5,2.1766,18138.333333333332,7171.333333333332,1.0
1531,101759,43,169302,169302,432,12,Delhi,Retail,Mobile,2022-04-08 00:00:00,No,High,49089,55,6.5,1.69302,14108.5,-34980.5,1.0
1532,100264,70,55087,55087,827,9,Delhi,Corporate,Mobile,,Yes,Low,39745,25,7.4,0.55087,4590.583333333333,-35154.416666666664,1.0
1533,101601,38,88870,88870,606,15,Chennai,Corporate,Agent,2021-03-01 00:00:00,No,Medium,29379,8,9.9,0.8887,7405.833333333333,-21973.166666666668,1.0
1534,101869,21,81307,81307,414,2,Kolkata,SME,Agent,2024-08-07 00:00:00,No,High,2060,108,7.4,0.81307,6775.583333333333,4715.583333333333,1.0
1535,100444,47,126459,126459,651,6,Hyderabad,Premium,Online,2024-03-31 00:00:00,No,Medium,36246,149,6.1,1.26459,10538.25,-25707.75,1.0
1536,101003,68,185866,185866,721,4,Mumbai,SME,Mobile,2025-05-12 00:00:00,No,Low,24646,103,9.4,1.85866,15488.833333333334,-9157.166666666666,1.0
1537,101078,31,181193,181193,506,6,Delhi,SME,Online,,No,High,16646,76,5.7,1.81193,15099.416666666666,-1546.583333333334,1.0
1538,100838,36,156733,156733,431,1,Mumbai,Corporate,Mobile,2025-10-31 00:00:00,Yes,High,34900,111,7.5,1.56733,13061.083333333334,-21838.916666666664,1.0
1539,101828,24,171295,171295,491,12,Delhi,Corporate,Agent,2023-05-09 00:00:00,Yes,High,16635,54,3.9,1.71295,14274.583333333334,-2360.416666666666,1.0
1540,100305,56,34078,34078,307,1,Mumbai,SME,Online,2026-01-29 00:00:00,NO,High,26784,11,2.5,0.34078,2839.8333333333335,-23944.166666666668,1.0
1541,101366,50,73868,73868,740,15,Hyderabad,SME,Agent,2024-07-24 00:00:00,Yes,Low,5938,48,1.1,0.73868,6155.666666666667,217.66666666666697,1.0
1542,101589,49,95202,95202,797,5,Bangalore,Corporate,Mobile,2023-08-06 00:00:00,Yes,Low,37005,132,9.6,0.95202,7933.5,-29071.5,1.0
1543,100314,40,142832,142832,808,7,Mumbai,SME,Agent,2023-09-22 00:00:00,Yes,Low,19593,139,2.6,1.42832,11902.666666666666,-7690.333333333334,1.0
1544,100150,47,32813,32813,780,13,Bangalore,value,Agent,2021-10-20 00:00:00,Yes,Low,37314,41,8.5,0.32813,2734.4166666666665,-34579.583333333336,1.0
1545,101149,27,150426,150426,318,5,Hyderabad,SME,Agent,2022-12-22 00:00:00,Yes,High,859,63,3.5,1.50426,12535.5,11676.5,1.0
1546,101214,55,80419,80419,375,6,Bangalore,Corporate,Mobile,2021-08-22 00:00:00,Yes,High,33060,41,3.0,0.80419,6701.583333333333,-26358.416666666668,1.0
1547,100575,74,44508,44508,409,11,Hyderabad,Premium,Mobile,2026-01-15 00:00:00,Yes,High,10187,77,5.7,0.44508,3709.0,-6478.0,1.0
1548,100051,38,149165,149165,558,5,Pune,Corporate,Agent,2021-07-29 00:00:00,No,Medium,29680,69,7.3,1.49165,12430.416666666666,-17249.583333333336,1.0
1549,101584,45,118269,118269,460,14,Pune,SME,Branch,2026-03-02 00:00:00,Yes,High,20084,102,5.595907928388747,1.18269,9855.75,-10228.25,1.0
1550,100727,70,236830,236830,572,14,Pune,SME,Online,2024-01-28 00:00:00,No,Medium,2240,26,5.3,2.3683,19735.833333333332,17495.833333333332,1.0
1551,100834,28,214648,214648,405,5,Mumbai,Corporate,Online,2023-07-03 00:00:00,Yes,High,11745,13,8.9,2.14648,17887.333333333332,6142.333333333332,1.0
1552,101378,46,219718,219718,348,12,Delhi,Premium,Branch,2021-11-26 00:00:00,Yes,High,44693,6,6.7,2.19718,18309.833333333332,-26383.166666666668,1.0
1553,101116,47,139999,139999,384,13,Kolkata,SME,Branch,2022-05-10 00:00:00,Yes,High,8631,9,8.1,1.39999,11666.583333333334,3035.583333333334,1.0
1554,101167,54,173702,173702,672,9,Chennai,Corporate,Online,2022-03-20 00:00:00,Yes,Medium,24646,47,7.3,1.73702,14475.166666666666,-10170.833333333334,1.0
1555,100471,42,162348,162348,570,12,Mumbai,Corporate,Online,2021-01-20 00:00:00,Yes,Medium,4691,66,3.3,1.62348,13529.0,8838.0,1.0
1556,100972,20,139999,139999,325,11,Kolkata,SME,Mobile,2024-08-24 00:00:00,No,High,39303,86,4.3,1.39999,11666.583333333334,-27636.416666666664,1.0
1557,100654,43,98770,98770,490,10,delhi,Premium,Branch,2021-08-25 00:00:00,No,High,24646,121,5.3,0.9877,8230.833333333334,-16415.166666666664,1.0
1558,100400,47,181921,181921,611,14,Mumbai,Corporate,Agent,2023-05-17 00:00:00,No,Medium,24646,48,6.3,1.81921,15160.083333333334,-9485.916666666666,1.0
1559,100512,70,185928,185928,738,14,Chennai,Retail,Branch,2025-03-01 00:00:00,Yes,Low,21283,107,1.4,1.85928,15494.0,-5789.0,1.0
1560,100321,43,127215,127215,807,14,Mumbai,Corporate,Online,2024-03-26 00:00:00,YES,Low,40664,97,2.8,1.27215,10601.25,-30062.75,1.0
1561,100020,39,50559,50559,567,4,Bangalore,SME,Online,2021-07-11 00:00:00,Yes,High,46239,121,6.5,0.50559,4213.25,-42025.75,1.0
1562,100685,53,248725,248725,419,6,Bangalore,Corporate,Online,2024-11-07 00:00:00,Yes,High,36027,109,5.6,2.48725,20727.083333333332,-15299.916666666668,1.0
1563,100036,44,111988,111988,841,14,Pune,Retail,Branch,2022-07-24 00:00:00,Yes,Low,38318,41,5.3,1.11988,9332.333333333334,-28985.666666666664,1.0
1564,100903,47,108362,108362,531,1,Delhi,Premium,Agent,2025-09-08 00:00:00,Yes,High,17857,35,8.7,1.08362,9030.166666666666,-8826.833333333334,1.0
1565,101816,43,54516,54516,472,3,Chennai,Premium,Online,,No,High,48225,140,2.0,0.54516,4543.0,-43682.0,1.0
1566,100828,62,98794,98794,537,0,Bangalore,SME,Online,2026-01-01 00:00:00,Yes,High,24646,136,5.595907928388747,0.98794,8232.833333333334,-16413.166666666664,1.0
1567,101835,65,40037,40037,494,7,Bangalore,Retail,Agent,2024-09-03 00:00:00,Yes,High,23019,67,5.1,0.40037,3336.4166666666665,-19682.583333333332,1.0
1568,100408,36,232779,232779,763,11,Kolkata,Premium,Online,2021-11-14 00:00:00,Yes,Low,27191,60,5.8,2.32779,19398.25,-7792.75,1.0
1569,100921,44,229237,229237,517,0,Chennai,Premium,Online,2024-10-01 00:00:00,Yes,High,21994,2,5.7,2.29237,19103.083333333332,-2890.916666666668,1.0
1570,100538,75,57556,57556,793,4,Bangalore,Retail,Agent,2021-04-01 00:00:00,Yes,High,23017,110,2.9,0.57556,4796.333333333333,-18220.666666666668,1.0
1571,100759,75,42633,42633,735,12,Chennai,Corporate,Mobile,2021-07-11 00:00:00,Yes,Low,9471,90,5.8,0.42633,3552.75,-5918.25,1.0
1572,101945,63,139999,139999,697,1,Pune,Premium,Online,2024-09-11 00:00:00,Yes,Medium,3944,100,2.9,1.39999,11666.583333333334,7722.583333333334,1.0
1573,101063,22,203148,203148,838,5,Hyderabad,SME,Branch,2023-12-05 00:00:00,No,Low,31999,25,8.6,2.03148,16929.0,-15070.0,1.0
1574,101200,41,220451,220451,356,8,Bangalore,value,Online,2021-07-30 00:00:00,,High,39333,73,4.8,2.20451,18370.916666666668,-20962.083333333332,1.0
1575,100246,20,110708,110708,802,9,Hyderabad,SME,Agent,2022-05-06 00:00:00,Yes,Low,32951,60,2.2,1.10708,9225.666666666666,-23725.333333333336,1.0
1576,101417,57,59051,59051,481,5,Kolkata,Corporate,Agent,2021-04-16 00:00:00,No,High,14602,76,5.595907928388747,0.59051,4920.916666666667,-9681.083333333332,1.0
1577,101128,52,198063,198063,605,12,Pune,Retail,Online,2023-07-07 00:00:00,Yes,Medium,31905,35,4.0,1.98063,16505.25,-15399.75,1.0
1578,100785,24,244772,244772,433,8,Delhi,Retail,Agent,2023-02-26 00:00:00,No,High,33860,100,5.595907928388747,2.44772,20397.666666666668,-13462.333333333332,1.0
1579,101779,68,154295,154295,837,8,Mumbai,Premium,Branch,2025-03-14 00:00:00,Yes,Low,5433,71,4.3,1.54295,12857.916666666666,7424.916666666666,1.0
1580,100490,51,141891,141891,641,7,Kolkata,SME,Online,2023-06-17 00:00:00,Yes,Medium,33488,111,1.4,1.41891,11824.25,-21663.75,1.0
1581,100155,54,200641,200641,731,10,Chennai,Premium,Branch,2024-02-24 00:00:00,Yes,Low,4049,48,5.595907928388747,2.00641,16720.083333333332,12671.083333333332,1.0
1582,100962,51,126268,126268,468,14,Mumbai,SME,Mobile,2022-06-01 00:00:00,Yes,High,9893,118,2.5,1.26268,10522.333333333334,629.3333333333339,1.0
1583,100854,40,176175,176175,511,6,Kolkata,Retail,Mobile,2023-06-20 00:00:00,No,High,35772,24,5.6,1.76175,14681.25,-21090.75,1.0
1584,101312,56,139999,139999,623,3,Pune,Retail,Online,2024-05-03 00:00:00,No,Medium,30253,67,4.5,1.39999,11666.583333333334,-18586.416666666664,1.0
1585,100626,41,164999,164999,518,5,Bangalore,Premium,Branch,2026-02-24 00:00:00,Yes,High,31351,87,2.6,1.64999,13749.916666666666,-17601.083333333336,1.0
1586,100686,47,192450,192450,528,13,,Retail,Branch,2025-01-13 00:00:00,No,High,28123,16,6.1,1.9245,16037.5,-12085.5,1.0
1587,101593,73,215706,215706,487,13,Kolkata,SME,Mobile,2024-12-12 00:00:00,YES,High,24646,115,1.8,2.15706,17975.5,-6670.5,1.0
1588,100570,43,186731,186731,572,13,Mumbai,Premium,Mobile,2023-01-17 00:00:00,Yes,Medium,7768,126,1.2,1.86731,15560.916666666666,7792.916666666666,1.0
1589,101949,51,236476,236476,765,12,Kolkata,Corporate,Online,2024-08-10 00:00:00,Yes,Low,28468,101,8.9,2.36476,19706.333333333332,-8761.666666666668,1.0
1590,100018,41,75106,75106,365,2,Hyderabad,Retail,Agent,2021-03-07 00:00:00,Yes,High,30726,77,7.7,0.75106,6258.833333333333,-24467.166666666668,1.0
1591,100128,52,88888,88888,793,5,bangalore,Premium,Agent,2022-04-15 00:00:00,No,Low,26601,47,5.2,0.88888,7407.333333333333,-19193.666666666668,1.0
1592,101347,69,128892,128892,356,3,Mumbai,SME,Branch,2021-02-12 00:00:00,Yes,High,12550,132,6.5,1.28892,10741.0,-1809.0,1.0
1593,101280,73,106942,106942,797,5,Hyderabad,SME,Agent,2024-12-18 00:00:00,No,Low,45804,104,2.6,1.06942,8911.833333333334,-36892.166666666664,1.0
1594,100066,64,158541,158541,725,4,Mumbai,SME,Agent,,Yes,Low,21272,43,4.4,1.58541,13211.75,-8060.25,1.0
1595,100928,47,137020,137020,578,15,Hyderabad,Corporate,Branch,2023-08-16 00:00:00,Yes,Medium,15216,92,9.4,1.3702,11418.333333333334,-3797.666666666666,1.0
1596,100981,74,142407,142407,443,6,pune,Corporate,Agent,2025-09-15 00:00:00,Yes,High,21901,113,1.7,1.42407,11867.25,-10033.75,1.0
1597,101290,46,66321,66321,814,8,Hyderabad,value,Online,2025-06-02 00:00:00,No,Low,23716,132,7.8,0.66321,5526.75,-18189.25,1.0
1598,100191,68,153386,153386,782,10,Kolkata,Corporate,Agent,2024-10-25 00:00:00,No,Low,30913,89,6.4,1.53386,12782.166666666666,-18130.833333333336,1.0
1599,101140,39,172603,172603,379,0,Chennai,Premium,Online,2023-01-26 00:00:00,Yes,High,3659,111,7.7,1.72603,14383.583333333334,10724.583333333334,1.0
1600,100993,56,129792,129792,583,3,Bangalore,Corporate,Mobile,,Yes,Medium,35250,117,7.0,1.29792,10816.0,-24434.0,1.0
1601,101996,64,121055,121055,795,6,Delhi,SME,Online,2025-11-08 00:00:00,Yes,Low,2492,2,8.6,1.21055,10087.916666666666,7595.916666666666,1.0
1602,101690,75,149661,149661,503,15,Kolkata,Premium,Mobile,2026-01-24 00:00:00,Yes,High,7961,43,5.595907928388747,1.49661,12471.75,4510.75,1.0
1603,100607,75,181498,181498,449,6,Mumbai,SME,Branch,2025-07-01 00:00:00,Yes,High,31413,76,8.7,1.81498,15124.833333333334,-16288.166666666666,1.0
1604,100181,40,58756,58756,375,4,Chennai,Premium,Online,2021-05-11 00:00:00,Yes,High,2928,29,6.0,0.58756,4896.333333333333,1968.333333333333,1.0
1605,100302,58,152118,152118,629,2,,Corporate,Mobile,unknown,Yes,Medium,14825,5,9.3,1.52118,12676.5,-2148.5,1.0
1606,100497,75,59707,59707,626,6,Hyderabad,Retail,Online,2024-09-01 00:00:00,No,Medium,37625,50,2.5,0.59707,4975.583333333333,-32649.416666666668,1.0
1607,101730,28,187002,187002,399,14,Pune,value,Online,2023-05-01 00:00:00,NO,High,6104,79,8.1,1.87002,15583.5,9479.5,1.0
1608,101744,73,139999,139999,510,13,Bangalore,Corporate,Branch,2022-06-11 00:00:00,No,High,43169,17,3.6,1.39999,11666.583333333334,-31502.416666666664,1.0
1609,101695,39,219442,219442,361,13,Bangalore,Corporate,Online,2024-05-28 00:00:00,No,High,45922,110,2.1,2.19442,18286.833333333332,-27635.166666666668,1.0
1610,101670,43,90794,90794,619,13,Delhi,Retail,Branch,2024-12-03 00:00:00,No,Medium,9069,129,3.5,0.90794,7566.166666666667,-1502.833333333333,1.0
1611,100518,23,197307,197307,312,11,Delhi,Retail,Agent,2022-03-08 00:00:00,Yes,High,15303,112,9.9,1.97307,16442.25,1139.25,1.0
1612,101923,35,199018,199018,507,13,Mumbai,Retail,Agent,2025-02-28 00:00:00,No,High,24646,49,6.6,1.99018,16584.833333333332,-8061.166666666668,1.0
1613,101070,18,166706,166706,413,3,Hyderabad,Corporate,Online,2025-05-06 00:00:00,Yes,High,34235,103,5.6,1.66706,13892.166666666666,-20342.833333333336,1.0
1614,100477,53,96635,96635,802,15,Hyderabad,Premium,Agent,2024-01-07 00:00:00,Yes,Low,41512,129,8.7,0.96635,8052.916666666667,-33459.083333333336,1.0
1615,100158,20,169097,169097,568,4,Kolkata,Corporate,Mobile,2025-03-10 00:00:00,Yes,Medium,48568,89,9.2,1.69097,14091.416666666666,-34476.583333333336,1.0
1616,101244,30,123605,123605,466,7,kolkata,SME,Branch,2026-02-04 00:00:00,Yes,High,24646,73,7.3,1.23605,10300.416666666666,-14345.583333333334,1.0
1617,101196,48,137990,137990,495,7,chennai,Premium,Online,2024-07-30 00:00:00,No,High,19685,129,7.0,1.3799,11499.166666666666,-8185.833333333334,1.0
1618,100017,57,214834,214834,502,5,Kolkata,Premium,Branch,2023-05-15 00:00:00,Yes,High,18480,7,3.9,2.14834,17902.833333333332,-577.1666666666679,1.0
1619,101536,31,112896,112896,625,11,Chennai,Corporate,Branch,2022-11-11 00:00:00,No,Medium,35601,100,5.5,1.12896,9408.0,-26193.0,1.0
1620,101073,47,145575,145575,768,5,Kolkata,Corporate,Mobile,2023-06-12 00:00:00,Yes,Low,22645,127,7.5,1.45575,12131.25,-10513.75,1.0
1621,101293,58,80147,80147,808,1,Chennai,SME,Online,2024-04-22 00:00:00,Yes,Low,44512,121,4.5,0.80147,6678.916666666667,-37833.083333333336,1.0
1622,100547,70,148008,148008,427,6,Pune,SME,Online,2023-06-24 00:00:00,Yes,High,24312,82,9.3,1.48008,12334.0,-11978.0,1.0
1623,101540,19,106912,106912,503,8,Chennai,Corporate,Mobile,2025-09-27 00:00:00,No,High,12914,130,2.3,1.06912,8909.333333333334,-4004.666666666666,1.0
1624,100659,43,183059,183059,793,5,Bangalore,SME,Online,2022-06-28 00:00:00,No,Low,44560,62,3.4,1.83059,15254.916666666666,-29305.083333333336,1.0
1625,101657,31,244055,244055,761,12,Chennai,Retail,Online,2025-09-28 00:00:00,Yes,Low,2294,24,6.0,2.44055,20337.916666666668,18043.916666666668,1.0
1626,101020,73,190243,190243,514,12,Delhi,SME,Mobile,2024-11-15 00:00:00,Yes,High,8810,78,5.595907928388747,1.90243,15853.583333333334,7043.583333333334,1.0
1627,101756,60,134089,134089,570,15,Chennai,Corporate,Online,2021-06-04 00:00:00,Yes,High,19724,128,2.5,1.34089,11174.083333333334,-8549.916666666666,1.0
1628,101505,34,43681,43681,848,9,Delhi,Retail,Branch,2023-07-22 00:00:00,Yes,Low,28950,135,1.2,0.43681,3640.0833333333335,-25309.916666666668,1.0
1629,100960,57,227380,227380,758,7,Hyderabad,Corporate,Mobile,2025-08-31 00:00:00,Yes,Low,33919,35,6.6,2.2738,18948.333333333332,-14970.666666666668,1.0
1630,101922,21,69900,69900,513,3,Mumbai,Retail,Mobile,2021-09-17 00:00:00,Yes,High,33811,93,9.5,0.699,5825.0,-27986.0,1.0
1631,100284,65,147720,147720,628,7,Bangalore,Corporate,Online,2026-01-17 00:00:00,,Medium,7896,129,1.5,1.4772,12310.0,4414.0,1.0
1632,100798,43,56007,56007,318,6,Bangalore,Retail,Online,2021-08-07 00:00:00,Yes,High,49075,64,7.8,0.56007,4667.25,-44407.75,1.0
1633,101658,47,223893,223893,442,9,Bangalore,Retail,Branch,2022-09-11 00:00:00,Yes,High,42878,18,6.7,2.23893,18657.75,-24220.25,1.0
1634,100226,54,171323,171323,408,11,Chennai,Retail,Agent,2021-11-10 00:00:00,Yes,High,11024,137,7.4,1.71323,14276.916666666666,3252.916666666666,1.0
1635,100027,19,95831,95831,556,0,Chennai,Premium,Agent,2022-02-12 00:00:00,No,Medium,30272,119,7.5,0.95831,7985.916666666667,-22286.083333333332,1.0
1636,101808,42,164251,164251,428,4,Delhi,Premium,Agent,2023-04-17 00:00:00,Yes,High,20597,91,4.2,1.64251,13687.583333333334,-6909.416666666666,1.0
1637,100438,42,206749,206749,326,0,Kolkata,Corporate,Agent,2022-04-27 00:00:00,No,High,34296,145,5.5,2.06749,17229.083333333332,-17066.916666666668,1.0
1638,101989,41,224408,224408,481,6,Hyderabad,SME,Mobile,2025-10-13 00:00:00,No,High,9185,114,9.7,2.24408,18700.666666666668,9515.666666666668,1.0
1639,101389,68,139999,139999,381,0,Delhi,Corporate,Mobile,2021-03-17 00:00:00,Yes,High,34570,47,6.7,1.39999,11666.583333333334,-22903.416666666664,1.0
1640,100230,61,72837,72837,411,1,Pune,Premium,Branch,2024-01-10 00:00:00,Yes,High,41591,125,8.0,0.72837,6069.75,-35521.25,1.0
1641,100038,45,150991,150991,528,4,Chennai,Premium,Branch,2025-11-16 00:00:00,Yes,High,4528,98,5.595907928388747,1.50991,12582.583333333334,8054.583333333334,1.0
1642,100750,40,61041,61041,570,1,Bangalore,Premium,Mobile,2021-12-14 00:00:00,No,High,48728,60,3.8,0.61041,5086.75,-43641.25,1.0
1643,101046,25,114818,114818,431,9,Hyderabad,Premium,Agent,2021-01-26 00:00:00,Yes,High,48575,68,3.9,1.14818,9568.166666666666,-39006.833333333336,1.0
1644,101399,27,53854,53854,391,5,Delhi,Premium,Mobile,2023-11-20 00:00:00,No,High,34248,44,3.0,0.53854,4487.833333333333,-29760.166666666668,1.0
1645,100470,67,198312,198312,321,5,Kolkata,Retail,Mobile,2021-05-29 00:00:00,Yes,High,28233,31,4.6,1.98312,16526.0,-11707.0,1.0
1646,101727,47,165659,165659,749,11,Hyderabad,Retail,Branch,,No,Low,16942,85,8.2,1.65659,13804.916666666666,-3137.083333333334,1.0
1647,101732,66,147232,147232,790,8,Bangalore,Premium,Agent,2022-02-16 00:00:00,Yes,Low,13296,144,4.4,1.47232,12269.333333333334,-1026.666666666666,1.0
1648,100688,56,228502,228502,651,6,bangalore,Retail,Mobile,2025-02-18 00:00:00,Yes,Medium,8909,48,2.9,2.28502,19041.833333333332,10132.833333333332,1.0
1649,101882,52,89307,89307,640,2,Mumbai,Corporate,Online,2025-08-27 00:00:00,Yes,Medium,21960,12,6.5,0.89307,7442.25,-14517.75,1.0
1650,100640,27,191703,191703,586,10,Chennai,Retail,Online,2022-07-25 00:00:00,NO,Medium,33166,116,4.1,1.91703,15975.25,-17190.75,1.0
1651,101747,53,192188,192188,570,8,Pune,Retail,Mobile,2023-09-14 00:00:00,Yes,High,25147,48,3.9,1.92188,16015.666666666666,-9131.333333333334,1.0
1652,101219,28,233883,233883,346,2,Delhi,Corporate,Online,2021-06-01 00:00:00,No,High,22402,111,2.8,2.33883,19490.25,-2911.75,1.0
1653,101159,64,161511,161511,536,9,Hyderabad,Premium,Agent,2022-10-09 00:00:00,Yes,High,42097,98,8.3,1.61511,13459.25,-28637.75,1.0
1654,101416,47,201325,201325,648,8,Bangalore,SME,Online,2025-04-06 00:00:00,Yes,Medium,24646,120,6.6,2.01325,16777.083333333332,-7868.916666666668,1.0
1655,101528,47,174817,174817,836,8,Delhi,value,Mobile,2025-08-08 00:00:00,No,Low,39637,42,5.3,1.74817,14568.083333333334,-25068.916666666664,1.0
1656,101665,71,105257,105257,471,14,Bangalore,Retail,Mobile,2023-02-21 00:00:00,No,High,37455,120,5.1,1.05257,8771.416666666666,-28683.583333333336,1.0
1657,101301,47,147721,147721,570,11,Hyderabad,Retail,Mobile,2024-08-19 00:00:00,No,High,27143,104,8.7,1.47721,12310.083333333334,-14832.916666666666,1.0
1658,101861,43,204272,204272,368,10,Hyderabad,Corporate,Mobile,2022-01-24 00:00:00,No,High,30335,41,2.7,2.04272,17022.666666666668,-13312.333333333332,1.0
1659,100801,20,79253,79253,656,0,Chennai,Corporate,Agent,,Yes,Medium,20663,126,9.1,0.79253,6604.416666666667,-14058.583333333332,1.0
1660,101604,72,103707,103707,671,2,Bangalore,SME,Mobile,2025-06-19 00:00:00,Yes,High,14643,43,5.1,1.03707,8642.25,-6000.75,1.0
1661,100161,43,114186,114186,570,5,Pune,SME,Agent,2026-01-13 00:00:00,No,High,44065,108,9.4,1.14186,9515.5,-34549.5,1.0
1662,100957,21,207184,207184,843,8,Kolkata,Premium,Agent,2023-02-16 00:00:00,Yes,Low,42096,111,5.595907928388747,2.07184,17265.333333333332,-24830.666666666668,1.0
1663,101187,28,59964,59964,570,13,Mumbai,Premium,Agent,2023-12-30 00:00:00,No,High,39038,50,6.5,0.59964,4997.0,-34041.0,1.0
1664,100822,70,61378,61378,846,1,Chennai,Corporate,Agent,2025-03-27 00:00:00,Yes,Low,24646,67,9.7,0.61378,5114.833333333333,-19531.166666666668,1.0
1665,101786,61,148950,148950,800,8,Pune,Retail,Online,2023-01-31 00:00:00,Yes,Low,14797,121,7.5,1.4895,12412.5,-2384.5,1.0
1666,100878,58,101559,101559,350,0,Delhi,Retail,Agent,,Yes,High,35315,98,3.9,1.01559,8463.25,-26851.75,1.0
1667,100914,64,50169,50169,608,4,Kolkata,SME,Branch,31/99/2024,Yes,Medium,16280,51,5.9,0.50169,4180.75,-12099.25,1.0
1668,100153,18,52082,52082,622,7,Delhi,value,Mobile,2022-05-21 00:00:00,Yes,Medium,13805,51,4.4,0.52082,4340.166666666667,-9464.833333333332,1.0
1669,101875,50,187727,187727,429,0,Mumbai,value,Mobile,2022-11-15 00:00:00,No,High,36597,14,3.3,1.87727,15643.916666666666,-20953.083333333336,1.0
1670,101814,58,123696,123696,429,2,,Retail,Mobile,2023-10-06 00:00:00,No,High,37894,80,3.1,1.23696,10308.0,-27586.0,1.0
1671,100510,50,101260,101260,405,10,Bangalore,SME,Mobile,2025-12-28 00:00:00,Yes,High,7961,44,4.4,1.0126,8438.333333333334,477.33333333333394,1.0
1672,101136,56,114570,114570,518,15,Mumbai,Premium,Branch,2022-05-14 00:00:00,Yes,High,30564,122,7.5,1.1457,9547.5,-21016.5,1.0
1673,101251,27,83005,83005,449,12,Bangalore,Corporate,Online,2024-03-10 00:00:00,No,High,32992,26,5.8,0.83005,6917.083333333333,-26074.916666666668,1.0
1674,101698,74,130487,130487,836,2,Kolkata,SME,Branch,2022-03-25 00:00:00,Yes,Low,26853,71,5.6,1.30487,10873.916666666666,-15979.083333333334,1.0
1675,100104,64,88852,88852,435,12,Delhi,SME,Mobile,2024-10-31 00:00:00,Yes,High,27087,88,8.9,0.88852,7404.333333333333,-19682.666666666668,1.0
1676,101446,38,237978,237978,425,13,Hyderabad,Retail,Online,2023-08-04 00:00:00,Yes,High,47369,11,5.8,2.37978,19831.5,-27537.5,1.0
1677,101444,63,155349,155349,350,7,Hyderabad,SME,Mobile,unknown,Yes,High,31757,23,1.7,1.55349,12945.75,-18811.25,1.0
1678,101775,67,230730,230730,485,6,Hyderabad,Retail,Agent,2021-09-11 00:00:00,Yes,High,17730,27,1.4,2.3073,19227.5,1497.5,1.0
1679,100587,33,229456,229456,353,15,Delhi,Corporate,Branch,,No,High,20329,101,5.8,2.29456,19121.333333333332,-1207.6666666666679,1.0
1680,101806,23,206172,206172,420,6,Hyderabad,Premium,Agent,2022-09-11 00:00:00,No,High,24851,144,8.5,2.06172,17181.0,-7670.0,1.0
1681,101144,34,166214,166214,324,10,Hyderabad,Premium,Branch,2022-12-06 00:00:00,No,High,3220,6,6.9,1.66214,13851.166666666666,10631.166666666666,1.0
1682,100054,35,44623,44623,720,6,Mumbai,Retail,Online,2021-07-18 00:00:00,Yes,Low,45565,58,8.3,0.44623,3718.5833333333335,-41846.416666666664,1.0
1683,100152,52,139999,139999,548,2,Hyderabad,Premium,Mobile,2021-10-13 00:00:00,Yes,High,20855,40,3.1,1.39999,11666.583333333334,-9188.416666666666,1.0
1684,100404,64,233611,233611,536,15,Bangalore,Corporate,Agent,2024-02-13 00:00:00,Yes,High,14887,112,1.8,2.33611,19467.583333333332,4580.583333333332,1.0
1685,101983,66,110371,110371,525,6,Pune,Corporate,Agent,2024-05-24 00:00:00,No,High,24646,53,4.3,1.10371,9197.583333333334,-15448.416666666666,1.0
1686,100208,72,195413,195413,642,0,Mumbai,Premium,Online,2025-01-18 00:00:00,Yes,Medium,21530,31,6.1,1.95413,16284.416666666666,-5245.583333333334,1.0
1687,101935,41,84871,84871,526,9,Mumbai,Premium,Online,,Yes,High,24646,23,9.4,0.84871,7072.583333333333,-17573.416666666668,1.0
1688,101683,58,42071,42071,535,3,delhi,SME,Agent,2021-04-11 00:00:00,Yes,High,49025,76,8.5,0.42071,3505.9166666666665,-45519.083333333336,1.0
1689,101123,64,203756,203756,744,10,Chennai,Corporate,Agent,2024-11-15 00:00:00,Yes,Low,31150,120,3.7,2.03756,16979.666666666668,-14170.333333333332,1.0
1690,101787,47,92494,92494,550,7,Mumbai,Premium,Online,2021-08-10 00:00:00,No,Medium,24646,96,6.5,0.92494,7707.833333333333,-16938.166666666668,1.0
1691,100009,75,113801,113801,720,8,Bangalore,SME,Mobile,2025-02-17 00:00:00,Yes,Low,41260,120,2.4,1.13801,9483.416666666666,-31776.583333333336,1.0
1692,101015,47,71851,71851,606,7,Delhi,Retail,Agent,2023-03-24 00:00:00,No,Medium,47955,75,1.1,0.71851,5987.583333333333,-41967.416666666664,1.0
1693,101834,68,99567,99567,840,0,Delhi,Premium,Branch,unknown,Yes,Low,9752,37,9.6,0.99567,8297.25,-1454.75,1.0
1694,101061,36,41052,41052,666,10,Hyderabad,Premium,Agent,2021-12-27 00:00:00,Yes,Medium,23249,36,5.0,0.41052,3421.0,-19828.0,1.0
1695,100453,44,169832,169832,648,5,Hyderabad,Retail,Mobile,2023-12-07 00:00:00,No,Medium,36220,37,7.4,1.69832,14152.666666666666,-22067.333333333336,1.0
1696,101676,54,134472,134472,612,15,,Corporate,Branch,2022-07-17 00:00:00,Yes,Medium,2427,136,1.7,1.34472,11206.0,8779.0,1.0
1697,100254,19,218118,218118,300,2,Pune,Premium,Mobile,2023-09-23 00:00:00,No,High,24646,96,1.4,2.18118,18176.5,-6469.5,1.0
1698,101328,31,142322,142322,647,7,Kolkata,SME,Branch,2023-10-09 00:00:00,Yes,Medium,48448,8,6.4,1.42322,11860.166666666666,-36587.833333333336,1.0
1699,100897,22,139999,139999,356,9,Mumbai,Corporate,Agent,2022-12-22 00:00:00,Yes,High,30732,55,3.7,1.39999,11666.583333333334,-19065.416666666664,1.0
1700,101770,59,211987,211987,405,8,Delhi,Corporate,Online,2025-06-08 00:00:00,Yes,High,41062,14,4.7,2.11987,17665.583333333332,-23396.416666666668,1.0
1701,100881,71,34715,34715,565,4,Bangalore,Premium,Branch,2022-02-28 00:00:00,Yes,Medium,9532,40,1.2,0.34715,2892.9166666666665,-6639.083333333334,1.0
1702,101596,33,62823,62823,411,13,Pune,SME,Mobile,2023-06-28 00:00:00,No,High,35099,53,7.0,0.62823,5235.25,-29863.75,1.0
1703,101929,63,110436,110436,815,3,Bangalore,Premium,Mobile,unknown,,Low,13264,119,4.5,1.10436,9203.0,-4061.0,1.0
1704,100624,44,128896,128896,396,5,Delhi,Retail,Agent,2022-02-13 00:00:00,No,High,47938,16,5.595907928388747,1.28896,10741.333333333334,-37196.666666666664,1.0
1705,100346,41,97715,97715,443,0,Mumbai,SME,Online,2025-01-31 00:00:00,Yes,High,34926,10,4.9,0.97715,8142.916666666667,-26783.083333333332,1.0
1706,101737,51,174960,174960,628,2,Delhi,Premium,Agent,2023-01-20 00:00:00,,High,14550,19,1.1,1.7496,14580.0,30.0,1.0
1707,100263,19,208720,208720,324,2,Mumbai,Corporate,Mobile,2023-09-01 00:00:00,Yes,High,26058,97,3.5,2.0872,17393.333333333332,-8664.666666666668,1.0
1708,101635,47,182462,182462,422,15,Bangalore,Corporate,Branch,2023-07-31 00:00:00,Yes,High,45989,110,4.5,1.82462,15205.166666666666,-30783.833333333336,1.0
1709,101322,42,140725,140725,561,13,Bangalore,Premium,Agent,2022-09-15 00:00:00,Yes,Medium,24646,27,3.2,1.40725,11727.083333333334,-12918.916666666666,1.0
1710,101439,58,240602,240602,590,1,Chennai,Retail,Mobile,not_a_date,Yes,Medium,39820,113,5.2,2.40602,20050.166666666668,-19769.833333333332,1.0
1711,100151,44,56598,56598,367,5,Mumbai,Premium,Branch,2022-06-27 00:00:00,Yes,High,26638,3,7.1,0.56598,4716.5,-21921.5,1.0
1712,100473,30,179571,179571,605,7,Hyderabad,Retail,Mobile,2024-06-26 00:00:00,No,Medium,45402,28,7.2,1.79571,14964.25,-30437.75,1.0
1713,100641,60,248131,248131,342,9,Kolkata,SME,Mobile,2025-11-06 00:00:00,Yes,High,26123,118,5.7,2.48131,20677.583333333332,-5445.416666666668,1.0
1714,101982,75,137082,137082,497,11,Pune,SME,Mobile,2023-11-02 00:00:00,Yes,High,10643,140,1.6,1.37082,11423.5,780.5,1.0
1715,101923,35,199018,199018,507,13,Mumbai,Retail,Agent,2025-02-28 00:00:00,No,High,24646,49,6.6,1.99018,16584.833333333332,-8061.166666666668,1.0
1716,100551,18,193452,193452,570,13,Delhi,Retail,Agent,2024-02-23 00:00:00,No,High,3373,138,5.595907928388747,1.93452,16121.0,12748.0,1.0
1717,101817,64,212598,212598,323,0,Chennai,value,Online,2022-04-26 00:00:00,No,High,16565,18,6.7,2.12598,17716.5,1151.5,1.0
1718,100929,38,49226,49226,550,13,Hyderabad,Premium,Online,2026-02-27 00:00:00,Yes,Medium,23791,18,8.8,0.49226,4102.166666666667,-19688.833333333332,1.0
1719,100489,45,104671,104671,564,9,Kolkata,Premium,Online,2021-11-20 00:00:00,Yes,Medium,37530,71,7.1,1.04671,8722.583333333334,-28807.416666666664,1.0
1720,101850,31,209402,209402,839,1,Mumbai,Retail,Mobile,2023-01-13 00:00:00,No,Low,35119,78,8.4,2.09402,17450.166666666668,-17668.833333333332,1.0
1721,101172,73,247146,247146,574,7,Kolkata,Retail,Agent,2024-04-22 00:00:00,No,High,41900,138,6.4,2.47146,20595.5,-21304.5,1.0
1722,100147,52,82372,82372,436,13,Kolkata,SME,Mobile,2026-02-16 00:00:00,Yes,High,24646,88,4.1,0.82372,6864.333333333333,-17781.666666666668,1.0
1723,101739,64,237695,237695,575,5,pune,SME,Mobile,2023-10-25 00:00:00,No,High,5589,11,1.9,2.37695,19807.916666666668,14218.916666666668,1.0
1724,101969,75,198824,198824,723,4,Hyderabad,Corporate,Online,2021-09-16 00:00:00,Yes,High,24681,28,8.9,1.98824,16568.666666666668,-8112.333333333332,1.0
1725,100403,45,178087,178087,686,5,,Corporate,Branch,2025-05-24 00:00:00,Yes,Medium,23025,7,4.8,1.78087,14840.583333333334,-8184.416666666666,1.0
1726,100955,62,36138,36138,487,12,Delhi,Premium,Branch,2025-04-08 00:00:00,No,High,45865,67,9.3,0.36138,3011.5,-42853.5,1.0
1727,101918,31,74812,74812,683,0,Pune,SME,Agent,2021-02-02 00:00:00,Yes,Medium,24646,18,8.0,0.74812,6234.333333333333,-18411.666666666668,1.0
1728,100660,51,103714,103714,486,15,Delhi,SME,Agent,2021-03-20 00:00:00,Yes,High,24646,84,2.3,1.03714,8642.833333333334,-16003.166666666666,1.0
1729,101373,62,167077,167077,369,12,Mumbai,Retail,Online,2022-11-14 00:00:00,Yes,High,30306,84,3.3,1.67077,13923.083333333334,-16382.916666666666,1.0
1730,100464,56,101367,101367,508,10,Kolkata,Premium,Online,2024-10-07 00:00:00,No,High,6543,112,5.595907928388747,1.01367,8447.25,1904.25,1.0
1731,101350,44,144654,144654,472,8,kolkata,SME,Agent,2025-08-10 00:00:00,,High,9741,81,4.5,1.44654,12054.5,2313.5,1.0
1732,100187,53,73901,73901,476,3,Hyderabad,Retail,Branch,2022-05-30 00:00:00,Yes,High,16918,45,1.6,0.73901,6158.416666666667,-10759.583333333332,1.0
1733,101148,21,226139,226139,356,9,Chennai,SME,Online,2022-11-09 00:00:00,Yes,High,2769,14,5.9,2.26139,18844.916666666668,16075.916666666668,1.0
1734,101225,22,89946,89946,829,12,Delhi,SME,Agent,2021-11-02 00:00:00,,Low,1825,68,4.6,0.89946,7495.5,5670.5,1.0
1735,100609,75,128754,128754,428,15,Kolkata,Premium,Online,2025-11-05 00:00:00,Yes,High,11265,138,5.5,1.28754,10729.5,-535.5,1.0
1736,100144,40,125732,125732,355,11,Chennai,Retail,Online,2023-10-20 00:00:00,Yes,High,41460,7,8.4,1.25732,10477.666666666666,-30982.333333333336,1.0
1737,100752,60,90681,90681,389,15,Hyderabad,Retail,Agent,2021-06-23 00:00:00,Yes,High,47408,1,6.6,0.90681,7556.75,-39851.25,1.0
1738,101535,18,213786,213786,613,9,Hyderabad,SME,Online,2024-04-23 00:00:00,No,Medium,11515,56,7.1,2.13786,17815.5,6300.5,1.0
1739,100982,34,174340,174340,488,3,Pune,SME,Agent,2021-02-11 00:00:00,Yes,High,41458,134,6.8,1.7434,14528.333333333334,-26929.666666666664,1.0
1740,100198,70,204362,204362,718,9,Delhi,Retail,Mobile,2022-07-01 00:00:00,Yes,Low,34900,108,5.0,2.04362,17030.166666666668,-17869.833333333332,1.0
1741,101634,55,204635,204635,510,12,Delhi,Premium,Agent,2022-06-05 00:00:00,Yes,High,13048,136,1.2,2.04635,17052.916666666668,4004.916666666668,1.0
1742,100884,50,139999,139999,369,3,Delhi,SME,Mobile,2023-03-09 00:00:00,Yes,High,32863,10,7.4,1.39999,11666.583333333334,-21196.416666666664,1.0
1743,100280,51,230735,230735,309,6,Kolkata,Retail,Branch,2024-10-07 00:00:00,No,High,9998,144,5.595907928388747,2.30735,19227.916666666668,9229.916666666668,1.0
1744,100294,36,75069,75069,508,14,hyderabad,value,Agent,2024-02-09 00:00:00,No,High,13208,139,2.7,0.75069,6255.75,-6952.25,1.0
1745,101862,72,36002,36002,692,15,Delhi,Retail,Branch,2021-09-08 00:00:00,Yes,Medium,9752,42,1.1,0.36002,3000.1666666666665,-6751.833333333334,1.0
1746,100401,47,187932,187932,334,13,Kolkata,value,Agent,2024-11-27 00:00:00,No,High,9402,23,7.8,1.87932,15661.0,6259.0,1.0
1747,100123,28,140953,140953,668,0,Bangalore,Retail,Mobile,2022-10-27 00:00:00,Yes,Medium,24646,83,4.5,1.40953,11746.083333333334,-12899.916666666666,1.0
1748,101208,32,51806,51806,551,8,,SME,Mobile,2022-11-29 00:00:00,No,Medium,49532,36,7.9,0.51806,4317.166666666667,-45214.833333333336,1.0
1749,100203,61,194230,194230,384,3,Bangalore,Retail,Mobile,2022-08-25 00:00:00,No,High,40934,112,9.5,1.9423,16185.833333333334,-24748.166666666664,1.0
1750,101463,26,27839,27839,517,1,Kolkata,Premium,Agent,2024-02-03 00:00:00,Yes,High,6541,53,1.3,0.27839,2319.9166666666665,-4221.083333333334,1.0
1751,100836,53,78363,78363,513,12,Bangalore,SME,Branch,2021-11-22 00:00:00,No,High,17475,21,5.0,0.78363,6530.25,-10944.75,1.0
1752,100247,66,216184,216184,654,9,Mumbai,Corporate,Agent,2021-04-29 00:00:00,Yes,Medium,27333,58,7.4,2.16184,18015.333333333332,-9317.666666666668,1.0
1753,101440,39,48284,48284,711,12,Mumbai,Premium,Branch,2023-04-16 00:00:00,Yes,Low,24778,93,3.2,0.48284,4023.6666666666665,-20754.333333333332,1.0
1754,101734,57,243561,243561,680,5,Kolkata,Corporate,Mobile,2025-05-30 00:00:00,No,Medium,48016,75,4.8,2.43561,20296.75,-27719.25,1.0
1755,101790,74,63547,63547,351,2,Delhi,Premium,Agent,2023-08-24 00:00:00,Yes,High,1786,136,6.8,0.63547,5295.583333333333,3509.583333333333,1.0
1756,101942,23,89046,89046,578,14,Hyderabad,Premium,Online,2025-05-24 00:00:00,No,Medium,24721,24,6.5,0.89046,7420.5,-17300.5,1.0
1757,101708,24,58691,58691,429,13,Bangalore,Premium,Agent,2024-10-26 00:00:00,Yes,High,32506,114,6.6,0.58691,4890.916666666667,-27615.083333333332,1.0
1758,101921,67,139999,139999,624,6,Chennai,Retail,Branch,,No,Medium,2005,58,7.2,1.39999,11666.583333333334,9661.583333333334,1.0
1759,101154,64,139999,139999,725,10,Pune,Retail,Online,2022-05-30 00:00:00,No,Low,13694,16,5.4,1.39999,11666.583333333334,-2027.416666666666,1.0
1760,101662,42,185211,185211,559,12,Bangalore,Retail,Agent,2023-09-17 00:00:00,Yes,Medium,29220,120,5.595907928388747,1.85211,15434.25,-13785.75,1.0
1761,101427,25,28471,28471,502,1,Delhi,Retail,Branch,2023-09-20 00:00:00,Yes,High,44491,95,6.7,0.28471,2372.5833333333335,-42118.416666666664,1.0
1762,100385,68,157028,157028,583,13,Kolkata,value,Mobile,2022-03-14 00:00:00,No,Medium,11158,11,9.8,1.57028,13085.666666666666,1927.666666666666,1.0
1763,101795,33,197886,197886,430,13,Chennai,Retail,Online,2022-11-03 00:00:00,NO,High,17223,148,3.8,1.97886,16490.5,-732.5,1.0
1764,101760,19,185081,185081,833,14,Pune,Premium,Branch,2025-10-28 00:00:00,No,Low,41638,79,5.3,1.85081,15423.416666666666,-26214.583333333336,1.0
1765,100855,74,195963,195963,411,1,Delhi,Premium,Mobile,2021-06-08 00:00:00,Yes,High,31930,22,1.7,1.95963,16330.25,-15599.75,1.0
1766,101590,41,73777,73777,327,0,Hyderabad,SME,Branch,2021-07-21 00:00:00,Yes,High,6842,18,6.8,0.73777,6148.083333333333,-693.916666666667,1.0
1767,100220,20,107879,107879,349,14,Bangalore,Premium,Mobile,2022-09-04 00:00:00,Yes,High,35422,27,6.0,1.07879,8989.916666666666,-26432.083333333336,1.0
1768,100642,61,56348,56348,300,7,Kolkata,SME,Mobile,2021-05-23 00:00:00,No,High,8784,14,3.1,0.56348,4695.666666666667,-4088.333333333333,1.0
1769,100002,69,173746,173746,570,15,,value,Mobile,2021-08-17 00:00:00,Yes,High,38918,58,9.4,1.73746,14478.833333333334,-24439.166666666664,1.0
1770,100113,62,86246,86246,314,2,Hyderabad,Corporate,Agent,2021-12-01 00:00:00,No,High,2985,86,9.9,0.86246,7187.166666666667,4202.166666666667,1.0
1771,100699,42,179243,179243,795,15,Mumbai,SME,Online,2024-09-20 00:00:00,No,Low,4725,41,4.1,1.79243,14936.916666666666,10211.916666666666,1.0
1772,101956,46,173934,173934,625,8,Mumbai,Corporate,Online,2024-11-06 00:00:00,No,Medium,23171,123,2.5,1.73934,14494.5,-8676.5,1.0
1773,100952,63,230037,230037,315,0,Kolkata,Retail,Agent,2023-07-21 00:00:00,Yes,High,27998,84,7.6,2.30037,19169.75,-8828.25,1.0
1774,101649,73,177872,177872,470,12,Mumbai,Corporate,Mobile,2022-12-09 00:00:00,Yes,High,24646,81,2.0,1.77872,14822.666666666666,-9823.333333333334,1.0
1775,101637,51,207650,207650,687,9,Chennai,Retail,Mobile,2024-09-27 00:00:00,Yes,Medium,1165,10,5.3,2.0765,17304.166666666668,16139.166666666668,1.0
1776,101785,54,139999,139999,693,2,Delhi,SME,Agent,2024-07-31 00:00:00,Yes,High,38534,123,4.0,1.39999,11666.583333333334,-26867.416666666664,1.0
1777,101411,30,58787,58787,770,3,Hyderabad,SME,Branch,2024-06-29 00:00:00,No,Low,12859,119,7.8,0.58787,4898.916666666667,-7960.083333333333,1.0
1778,101410,43,172256,172256,752,3,Delhi,SME,Mobile,2023-01-11 00:00:00,No,Low,38753,57,7.5,1.72256,14354.666666666666,-24398.333333333336,1.0
1779,101534,35,43322,43322,305,7,Delhi,SME,Online,2023-10-26 00:00:00,Yes,High,13484,98,6.5,0.43322,3610.1666666666665,-9873.833333333334,1.0
1780,101292,28,178728,178728,373,6,Mumbai,Premium,Online,2024-07-04 00:00:00,No,High,3107,28,7.8,1.78728,14894.0,11787.0,1.0
1781,101847,59,78909,78909,678,10,Mumbai,Retail,Mobile,2023-06-30 00:00:00,No,Medium,48743,138,6.6,0.78909,6575.75,-42167.25,1.0
1782,100442,75,60046,60046,660,5,Bangalore,Premium,Agent,2024-03-12 00:00:00,No,Medium,25989,138,7.4,0.60046,5003.833333333333,-20985.166666666668,1.0
1783,101521,68,75601,75601,840,14,Kolkata,SME,Agent,2024-12-15 00:00:00,Yes,Low,40803,76,1.1,0.75601,6300.083333333333,-34502.916666666664,1.0
1784,101137,74,126015,126015,832,5,Kolkata,Corporate,Agent,2022-09-20 00:00:00,No,Low,9665,42,9.2,1.26015,10501.25,836.25,1.0
1785,101716,63,34752,34752,370,6,Pune,Retail,Branch,2021-03-22 00:00:00,No,High,48215,2,2.4,0.34752,2896.0,-45319.0,1.0
1786,101257,30,204980,204980,762,15,Bangalore,Retail,Branch,2025-04-12 00:00:00,Yes,Low,39919,66,8.2,2.0498,17081.666666666668,-22837.333333333332,1.0
1787,101903,73,242782,242782,771,15,Pune,SME,Agent,2022-05-29 00:00:00,Yes,Low,8891,37,3.5,2.42782,20231.833333333332,11340.833333333332,1.0
1788,101632,22,46253,46253,813,11,Pune,SME,Agent,2023-08-03 00:00:00,Yes,Low,32901,101,2.1,0.46253,3854.4166666666665,-29046.583333333332,1.0
1789,101696,38,105685,105685,814,10,Kolkata,SME,Agent,2025-07-01 00:00:00,Yes,Low,4366,107,5.6,1.05685,8807.083333333334,4441.083333333334,1.0
1790,101398,28,30469,30469,674,4,Delhi,Retail,Online,2025-11-07 00:00:00,Yes,Medium,26227,38,6.9,0.30469,2539.0833333333335,-23687.916666666668,1.0
1791,100664,21,89106,89106,591,2,Mumbai,Premium,Mobile,2022-12-09 00:00:00,No,Medium,42552,120,4.6,0.89106,7425.5,-35126.5,1.0
1792,101874,35,207947,207947,676,0,Mumbai,Retail,Agent,not_a_date,Yes,Medium,33850,6,9.9,2.07947,17328.916666666668,-16521.083333333332,1.0
1793,101258,57,110457,110457,387,0,Mumbai,SME,Branch,2022-03-02 00:00:00,No,High,16966,42,5.7,1.10457,9204.75,-7761.25,1.0
1794,101811,29,238451,238451,823,12,Hyderabad,SME,Agent,2021-04-03 00:00:00,No,Low,48314,18,6.1,2.38451,19870.916666666668,-28443.083333333332,1.0
1795,101701,44,56852,56852,610,13,Mumbai,Premium,Branch,2024-06-25 00:00:00,Yes,Medium,37792,46,5.595907928388747,0.56852,4737.666666666667,-33054.333333333336,1.0
1796,100318,52,58320,58320,567,13,Mumbai,Corporate,Agent,2025-01-21 00:00:00,No,Medium,29284,17,1.3,0.5832,4860.0,-24424.0,1.0
1797,100649,68,78551,78551,525,3,Pune,Retail,Branch,2024-10-23 00:00:00,Yes,High,1042,16,9.6,0.78551,6545.916666666667,5503.916666666667,1.0
1798,101435,68,191597,191597,410,0,Kolkata,SME,Online,2021-11-21 00:00:00,Yes,High,9377,67,7.0,1.91597,15966.416666666666,6589.416666666666,1.0
1799,101480,51,157503,157503,737,15,Kolkata,Retail,Mobile,2022-11-28 00:00:00,Yes,High,17341,36,9.8,1.57503,13125.25,-4215.75,1.0
1800,100710,36,73368,73368,675,11,Kolkata,SME,Mobile,2023-04-05 00:00:00,Yes,Medium,673,21,9.4,0.73368,6114.0,5441.0,1.0
1801,101383,21,93926,93926,465,15,Kolkata,Corporate,Agent,2022-08-14 00:00:00,No,High,33220,4,2.4,0.93926,7827.166666666667,-25392.833333333332,1.0
1802,101283,51,161998,161998,613,6,Pune,Corporate,Branch,2025-10-27 00:00:00,Yes,Medium,15486,94,4.0,1.61998,13499.833333333334,-1986.166666666666,1.0
1803,101769,57,97516,97516,349,14,Bangalore,Retail,Agent,2021-07-04 00:00:00,Yes,High,7888,71,3.7,0.97516,8126.333333333333,238.33333333333303,1.0
1804,100973,67,233524,233524,720,11,hyderabad,Retail,Online,2021-05-21 00:00:00,No,Low,44911,45,5.3,2.33524,19460.333333333332,-25450.666666666668,1.0
1805,100628,67,121546,121546,368,13,Hyderabad,Corporate,Mobile,2022-12-18 00:00:00,Yes,High,27552,121,6.8,1.21546,10128.833333333334,-17423.166666666664,1.0
1806,100633,60,232815,232815,378,8,Delhi,Retail,Branch,2022-04-12 00:00:00,Yes,High,24683,146,9.7,2.32815,19401.25,-5281.75,1.0
1807,101307,47,235650,235650,785,13,Delhi,Corporate,Online,2021-05-27 00:00:00,,Low,38069,13,5.595907928388747,2.3565,19637.5,-18431.5,1.0
1808,101401,55,101256,101256,600,14,Mumbai,value,Branch,2021-01-03 00:00:00,Yes,Medium,12462,74,5.595907928388747,1.01256,8438.0,-4024.0,1.0
1809,101409,29,231126,231126,849,0,Hyderabad,value,Agent,2023-11-28 00:00:00,Yes,Low,3991,50,3.2,2.31126,19260.5,15269.5,1.0
1810,101249,67,133255,133255,493,12,Delhi,Corporate,Online,2023-05-29 00:00:00,No,High,35593,93,4.2,1.33255,11104.583333333334,-24488.416666666664,1.0
1811,101993,47,108375,108375,531,9,Hyderabad,SME,Online,2025-04-24 00:00:00,No,High,21951,149,4.2,1.08375,9031.25,-12919.75,1.0
1812,101255,61,48387,48387,610,7,Bangalore,Corporate,Online,2025-02-24 00:00:00,No,Medium,46534,42,2.2,0.48387,4032.25,-42501.75,1.0
1813,101497,47,139999,139999,330,6,,SME,Agent,2024-01-09 00:00:00,Yes,High,34082,141,1.2,1.39999,11666.583333333334,-22415.416666666664,1.0
1814,101372,53,61727,61727,390,15,Chennai,Premium,Online,2023-04-17 00:00:00,Yes,High,42332,74,8.1,0.61727,5143.916666666667,-37188.083333333336,1.0
1815,101530,47,190593,190593,428,1,Pune,SME,Agent,2021-11-08 00:00:00,Yes,High,49778,89,3.2,1.90593,15882.75,-33895.25,1.0
1816,101664,26,233139,233139,740,3,Kolkata,Corporate,Agent,2022-05-01 00:00:00,No,Low,23940,115,5.1,2.33139,19428.25,-4511.75,1.0
1817,101355,50,129195,129195,416,0,Delhi,Corporate,Online,2025-03-29 00:00:00,No,High,7823,21,8.2,1.29195,10766.25,2943.25,1.0
1818,101966,43,42569,42569,306,11,Hyderabad,Corporate,Mobile,2024-05-30 00:00:00,NO,High,4481,84,6.9,0.42569,3547.4166666666665,-933.5833333333335,1.0
1819,101941,60,96853,96853,700,3,,Corporate,Mobile,2025-01-29 00:00:00,Yes,Low,3526,134,1.2,0.96853,8071.083333333333,4545.083333333333,1.0
1820,101644,61,86001,86001,636,2,Delhi,Corporate,Branch,2024-10-19 00:00:00,Yes,Medium,27870,13,7.4,0.86001,7166.75,-20703.25,1.0
1821,101888,30,150149,150149,685,1,Bangalore,SME,Online,2025-07-24 00:00:00,Yes,Medium,34497,45,4.7,1.50149,12512.416666666666,-21984.583333333336,1.0
1822,100796,44,58893,58893,370,9,Kolkata,SME,Online,2025-04-27 00:00:00,Yes,High,9265,118,5.7,0.58893,4907.75,-4357.25,1.0
1823,100646,48,57779,57779,402,11,Hyderabad,SME,Agent,2024-08-06 00:00:00,Yes,High,24646,141,2.6,0.57779,4814.916666666667,-19831.083333333332,1.0
1824,101013,59,66568,66568,520,14,Delhi,Premium,Online,2026-02-03 00:00:00,Yes,High,35985,21,8.7,0.66568,5547.333333333333,-30437.666666666668,1.0
1825,101878,59,205488,205488,400,7,hyderabad,Premium,Online,2025-05-31 00:00:00,Yes,High,33016,62,4.2,2.05488,17124.0,-15892.0,1.0
1826,100557,42,150354,150354,585,5,Delhi,Premium,Online,2026-01-26 00:00:00,Yes,Medium,16521,111,7.1,1.50354,12529.5,-3991.5,1.0
1827,100682,66,32151,32151,643,0,Mumbai,SME,Branch,2026-03-11 00:00:00,Yes,Medium,26919,133,4.6,0.32151,2679.25,-24239.75,1.0
1828,100578,45,183056,183056,781,0,Bangalore,Retail,Online,2024-10-28 00:00:00,No,Low,19087,22,5.4,1.83056,15254.666666666666,-3832.333333333334,1.0
1829,101820,33,151688,151688,655,0,Pune,SME,Online,2021-10-05 00:00:00,Yes,Medium,27505,76,9.1,1.51688,12640.666666666666,-14864.333333333334,1.0
1830,101110,47,246972,246972,743,14,Bangalore,Premium,Mobile,2022-07-20 00:00:00,No,Low,13241,26,5.1,2.46972,20581.0,7340.0,1.0
1831,101267,32,202558,202558,679,9,Kolkata,Premium,Agent,2024-02-05 00:00:00,Yes,Medium,46428,119,4.6,2.02558,16879.833333333332,-29548.166666666668,1.0
1832,101723,53,171108,171108,707,13,Hyderabad,Corporate,Mobile,2025-02-08 00:00:00,Yes,Low,44835,104,4.2,1.71108,14259.0,-30576.0,1.0
1833,101184,65,31910,31910,722,8,Delhi,Retail,Branch,2022-09-12 00:00:00,No,Low,24646,98,8.1,0.3191,2659.1666666666665,-21986.833333333332,1.0
1834,100525,72,86212,86212,488,13,Kolkata,SME,Mobile,2022-06-25 00:00:00,Yes,High,21259,16,4.9,0.86212,7184.333333333333,-14074.666666666668,1.0
1835,101060,68,212604,212604,379,2,Pune,SME,Online,2023-06-11 00:00:00,Yes,High,15635,133,5.6,2.12604,17717.0,2082.0,1.0
1836,100541,54,26969,26969,773,10,Mumbai,SME,Agent,2025-04-29 00:00:00,Yes,Low,9130,96,5.0,0.26969,2247.4166666666665,-6882.583333333334,1.0
1837,101195,68,64071,64071,584,11,Bangalore,Retail,Mobile,2021-09-16 00:00:00,No,Medium,44471,46,9.7,0.64071,5339.25,-39131.75,1.0
1838,101679,35,114087,114087,391,0,Bangalore,Premium,Agent,2025-11-07 00:00:00,Yes,High,29776,85,10.0,1.14087,9507.25,-20268.75,1.0
1839,100749,52,187982,187982,370,15,Kolkata,SME,Mobile,2025-02-16 00:00:00,Yes,High,2639,60,5.0,1.87982,15665.166666666666,13026.166666666666,1.0
1840,101891,49,33259,33259,622,1,Mumbai,Premium,Online,2022-11-04 00:00:00,No,Medium,35406,145,2.5,0.33259,2771.5833333333335,-32634.416666666668,1.0
1841,101431,47,139999,139999,401,15,bangalore,Retail,Online,2024-05-31 00:00:00,Yes,High,42551,95,7.8,1.39999,11666.583333333334,-30884.416666666664,1.0
1842,100485,29,117324,117324,827,6,Chennai,Retail,Branch,2025-12-06 00:00:00,Yes,Low,24646,130,9.9,1.17324,9777.0,-14869.0,1.0
1843,101758,26,228058,228058,581,3,,Retail,Agent,2025-03-25 00:00:00,Yes,Medium,25284,54,5.9,2.28058,19004.833333333332,-6279.166666666668,1.0
1844,100096,31,222744,222744,648,5,Hyderabad,SME,Agent,2023-01-18 00:00:00,Yes,Medium,8217,116,1.7,2.22744,18562.0,10345.0,1.0
1845,101021,34,197851,197851,719,5,Hyderabad,Retail,Mobile,2025-08-29 00:00:00,Yes,Low,16677,48,5.2,1.97851,16487.583333333332,-189.41666666666788,1.0
1846,100564,47,221910,221910,724,13,,Corporate,Online,2024-02-06 00:00:00,Yes,Low,625,137,4.7,2.2191,18492.5,17867.5,1.0
1847,101265,26,69638,69638,477,6,Hyderabad,SME,Online,2022-05-07 00:00:00,Yes,High,27708,97,7.0,0.69638,5803.166666666667,-21904.833333333332,1.0
1848,100743,75,59084,59084,499,15,Mumbai,Retail,Agent,2022-03-14 00:00:00,Yes,High,24646,18,9.2,0.59084,4923.666666666667,-19722.333333333332,1.0
1849,100864,41,247724,247724,777,11,Mumbai,Premium,Branch,2021-06-15 00:00:00,Yes,Low,29298,91,7.5,2.47724,20643.666666666668,-8654.333333333332,1.0
1850,101599,54,168891,168891,738,11,Bangalore,SME,Agent,,No,Low,7745,65,8.0,1.68891,14074.25,6329.25,1.0
1851,101715,75,139999,139999,585,14,Chennai,value,Mobile,2024-08-16 00:00:00,Yes,Medium,36275,95,9.7,1.39999,11666.583333333334,-24608.416666666664,1.0
1852,101485,68,231043,231043,516,2,Kolkata,Corporate,Online,2021-01-06 00:00:00,Yes,High,9705,22,5.7,2.31043,19253.583333333332,9548.583333333332,1.0
1853,100892,63,203936,203936,582,6,Mumbai,Corporate,Agent,2025-04-17 00:00:00,Yes,Medium,19410,123,3.4,2.03936,16994.666666666668,-2415.333333333332,1.0
1854,101578,74,90633,90633,614,14,Hyderabad,value,Branch,2021-03-15 00:00:00,Yes,Medium,2219,60,5.595907928388747,0.90633,7552.75,5333.75,1.0
1855,101039,40,166028,166028,667,3,Chennai,Retail,Branch,2023-05-28 00:00:00,Yes,Medium,12103,136,5.595907928388747,1.66028,13835.666666666666,1732.666666666666,1.0
1856,100207,75,46563,46563,363,0,Bangalore,Premium,Agent,2021-01-07 00:00:00,Yes,High,23694,105,5.1,0.46563,3880.25,-19813.75,1.0
1857,100393,62,64063,64063,627,1,hyderabad,Premium,Branch,2023-03-11 00:00:00,No,Medium,49600,99,4.4,0.64063,5338.583333333333,-44261.416666666664,1.0
1858,100795,56,173697,173697,350,2,,Premium,Mobile,2025-10-29 00:00:00,Yes,High,32413,144,2.9,1.73697,14474.75,-17938.25,1.0
1859,100871,43,242029,242029,593,0,Chennai,Premium,Branch,2024-12-17 00:00:00,Yes,Medium,24646,97,8.7,2.42029,20169.083333333332,-4476.916666666668,1.0
1860,100398,44,221200,221200,490,0,Bangalore,SME,Online,unknown,No,High,34823,31,4.9,2.212,18433.333333333332,-16389.666666666668,1.0
1861,100767,47,117578,117578,756,4,bangalore,SME,Mobile,2022-02-12 00:00:00,No,Low,27233,53,5.9,1.17578,9798.166666666666,-17434.833333333336,1.0
1862,101880,19,162888,162888,357,4,Kolkata,Premium,Online,2022-02-25 00:00:00,Yes,High,1925,54,7.7,1.62888,13574.0,11649.0,1.0
1863,101242,28,40997,40997,457,8,Mumbai,Premium,Online,2023-02-19 00:00:00,Yes,High,13644,33,6.6,0.40997,3416.4166666666665,-10227.583333333334,1.0
1864,101029,70,139999,139999,724,9,Hyderabad,SME,Mobile,2024-11-02 00:00:00,No,Low,42773,70,2.2,1.39999,11666.583333333334,-31106.416666666664,1.0
1865,101793,64,139999,139999,485,6,Bangalore,Retail,Mobile,2025-12-16 00:00:00,Yes,High,4144,49,6.4,1.39999,11666.583333333334,7522.583333333334,1.0
1866,100643,47,220804,220804,569,8,Mumbai,Premium,Branch,2025-05-03 00:00:00,Yes,Medium,48933,139,1.4,2.20804,18400.333333333332,-30532.666666666668,1.0
1867,101932,32,34168,34168,359,15,,Corporate,Online,2023-01-12 00:00:00,Yes,High,43821,76,9.1,0.34168,2847.3333333333335,-40973.666666666664,1.0
1868,100613,22,116736,116736,497,6,Mumbai,Corporate,Branch,2022-07-01 00:00:00,Yes,High,20334,121,8.4,1.16736,9728.0,-10606.0,1.0
1869,101763,26,130400,130400,317,2,Chennai,Corporate,Online,2024-10-13 00:00:00,No,High,38740,127,5.3,1.304,10866.666666666666,-27873.333333333336,1.0
1870,100961,49,204316,204316,629,2,Hyderabad,Premium,Mobile,2023-05-14 00:00:00,Yes,Medium,24646,134,3.8,2.04316,17026.333333333332,-7619.666666666668,1.0
1871,101571,74,38140,38140,693,7,Kolkata,Premium,Mobile,2024-07-07 00:00:00,Yes,Medium,12735,122,5.595907928388747,0.3814,3178.3333333333335,-9556.666666666666,1.0
1872,100726,33,113204,113204,749,13,Mumbai,Corporate,Mobile,2023-04-12 00:00:00,No,Low,3591,143,7.1,1.13204,9433.666666666666,5842.666666666666,1.0
1873,100684,65,118747,118747,665,13,Mumbai,Premium,Branch,2024-01-08 00:00:00,Yes,Medium,33068,61,5.595907928388747,1.18747,9895.583333333334,-23172.416666666664,1.0
1874,100099,57,188038,188038,819,3,Chennai,value,Agent,2022-12-29 00:00:00,Yes,Low,10105,78,1.6,1.88038,15669.833333333334,5564.833333333334,1.0
1875,100805,45,135944,135944,442,10,Delhi,SME,Branch,2023-11-27 00:00:00,Yes,High,29544,87,4.5,1.35944,11328.666666666666,-18215.333333333336,1.0
1876,101752,47,139999,139999,666,8,Pune,Premium,Branch,2022-11-25 00:00:00,Yes,Medium,32772,12,2.7,1.39999,11666.583333333334,-21105.416666666664,1.0
1877,101598,69,139999,139999,335,4,Mumbai,Premium,Online,2024-11-22 00:00:00,Yes,High,26791,99,8.1,1.39999,11666.583333333334,-15124.416666666666,1.0
1878,100407,65,51017,51017,300,0,Kolkata,Retail,Agent,2023-09-24 00:00:00,Yes,High,888,12,5.3,0.51017,4251.416666666667,3363.416666666667,1.0
1879,100503,69,116155,116155,424,1,Chennai,SME,Agent,2022-06-09 00:00:00,Yes,High,3193,73,4.4,1.16155,9679.583333333334,6486.583333333334,1.0
1880,101072,58,47420,47420,610,9,Chennai,SME,Online,2023-08-11 00:00:00,No,Medium,28784,131,5.595907928388747,0.4742,3951.6666666666665,-24832.333333333332,1.0
1881,101057,49,84353,84353,350,1,Delhi,Premium,Mobile,2023-07-31 00:00:00,Yes,High,46399,122,8.2,0.84353,7029.416666666667,-39369.583333333336,1.0
1882,100930,65,31721,31721,609,15,Chennai,Corporate,Branch,2021-09-19 00:00:00,No,Medium,5114,88,3.6,0.31721,2643.4166666666665,-2470.5833333333335,1.0
1883,100780,62,29358,29358,811,0,kolkata,Premium,Agent,,Yes,Low,15594,142,8.3,0.29358,2446.5,-13147.5,1.0
1884,101864,61,235294,235294,566,13,Bangalore,SME,Online,2025-08-15 00:00:00,No,Medium,14483,40,4.9,2.35294,19607.833333333332,5124.833333333332,1.0
1885,100201,45,107711,107711,738,4,Pune,Corporate,Branch,2022-11-28 00:00:00,No,Low,39195,12,6.9,1.07711,8975.916666666666,-30219.083333333336,1.0
1886,100135,45,179893,179893,829,1,Mumbai,Premium,Mobile,2021-05-16 00:00:00,Yes,Low,10678,103,4.0,1.79893,14991.083333333334,4313.083333333334,1.0
1887,101052,20,131297,131297,546,6,Chennai,Retail,Branch,2023-06-07 00:00:00,Yes,High,27053,56,5.2,1.31297,10941.416666666666,-16111.583333333334,1.0
1888,100041,64,27396,27396,722,12,Chennai,value,Online,2025-07-09 00:00:00,Yes,Low,20811,141,4.0,0.27396,2283.0,-18528.0,1.0
1889,101018,21,199180,199180,303,15,Mumbai,Corporate,Online,2021-06-05 00:00:00,No,High,24646,108,9.0,1.9918,16598.333333333332,-8047.666666666668,1.0
1890,100231,41,139999,139999,476,5,Chennai,SME,Mobile,2025-05-14 00:00:00,Yes,High,42729,63,7.9,1.39999,11666.583333333334,-31062.416666666664,1.0
1891,101514,66,170361,170361,672,15,Mumbai,Retail,Mobile,,Yes,Medium,39634,91,8.8,1.70361,14196.75,-25437.25,1.0
1892,101797,36,231402,231402,731,4,Chennai,SME,Agent,2024-06-03 00:00:00,No,Low,9989,145,7.9,2.31402,19283.5,9294.5,1.0
1893,100379,24,80230,80230,451,15,Hyderabad,SME,Branch,2025-10-05 00:00:00,Yes,High,37040,76,2.1,0.8023,6685.833333333333,-30354.166666666668,1.0
1894,100289,33,201076,201076,467,2,Pune,Corporate,Online,2022-04-06 00:00:00,Yes,High,4917,135,7.5,2.01076,16756.333333333332,11839.333333333332,1.0
1895,100419,23,151503,151503,688,2,Delhi,Corporate,Branch,2021-04-28 00:00:00,Yes,Medium,5599,2,1.2,1.51503,12625.25,7026.25,1.0
1896,101699,48,79400,79400,440,5,Pune,Premium,Agent,2024-07-27 00:00:00,No,High,44985,84,6.1,0.794,6616.666666666667,-38368.333333333336,1.0
1897,100392,55,124259,124259,521,7,Chennai,SME,Agent,2021-01-05 00:00:00,Yes,High,38317,104,8.7,1.24259,10354.916666666666,-27962.083333333336,1.0
1898,100593,53,241222,241222,690,5,Mumbai,SME,Branch,2025-11-06 00:00:00,Yes,Medium,7907,2,5.6,2.41222,20101.833333333332,12194.833333333332,1.0
1899,101523,36,158611,158611,520,15,Kolkata,Retail,Agent,2025-07-20 00:00:00,Yes,High,40248,83,1.5,1.58611,13217.583333333334,-27030.416666666664,1.0
1900,101163,61,103815,103815,483,9,Hyderabad,Corporate,Online,2025-04-10 00:00:00,Yes,High,7470,137,3.2,1.03815,8651.25,1181.25,1.0
1901,101087,39,55620,55620,344,3,Chennai,Premium,Branch,2025-03-17 00:00:00,Yes,High,15845,87,9.4,0.5562,4635.0,-11210.0,1.0
1902,101496,46,32896,32896,601,15,Chennai,Premium,Online,2023-07-04 00:00:00,Yes,Medium,49644,70,4.8,0.32896,2741.3333333333335,-46902.666666666664,1.0
1903,100648,19,106889,106889,389,10,Pune,SME,Branch,2023-03-30 00:00:00,Yes,High,44420,28,1.4,1.06889,8907.416666666666,-35512.583333333336,1.0
1904,101153,47,117601,117601,686,12,Hyderabad,Retail,Agent,2022-09-20 00:00:00,Yes,Medium,24646,107,8.2,1.17601,9800.083333333334,-14845.916666666666,1.0
1905,101368,55,179297,179297,695,0,Delhi,SME,Mobile,,No,Medium,1380,98,2.8,1.79297,14941.416666666666,13561.416666666666,1.0
1906,100521,69,221733,221733,412,6,Pune,SME,Online,2022-02-21 00:00:00,Yes,High,30759,98,2.5,2.21733,18477.75,-12281.25,1.0
1907,101863,40,139999,139999,384,8,Mumbai,SME,Agent,2025-10-03 00:00:00,,High,27330,108,5.2,1.39999,11666.583333333334,-15663.416666666666,1.0
1908,101881,72,102175,102175,688,8,Kolkata,Premium,Agent,2021-05-21 00:00:00,No,Medium,21034,90,9.9,1.02175,8514.583333333334,-12519.416666666666,1.0
1909,100065,47,94274,94274,433,10,hyderabad,value,Online,2021-09-13 00:00:00,Yes,High,11169,80,5.9,0.94274,7856.166666666667,-3312.833333333333,1.0
1910,101837,67,202810,202810,633,2,Pune,Retail,Branch,2025-09-04 00:00:00,Yes,Medium,14439,125,7.4,2.0281,16900.833333333332,2461.833333333332,1.0
1911,100015,70,67520,67520,841,5,Bangalore,Retail,Online,2021-06-28 00:00:00,Yes,Low,18885,115,4.0,0.6752,5626.666666666667,-13258.333333333332,1.0
1912,101181,23,148257,148257,557,6,Hyderabad,SME,Branch,2022-04-11 00:00:00,Yes,Medium,46786,20,5.1,1.48257,12354.75,-34431.25,1.0
1913,101065,47,156743,156743,763,7,,Retail,Online,2022-07-08 00:00:00,,Low,5613,135,5.595907928388747,1.56743,13061.916666666666,7448.916666666666,1.0
1914,100493,47,139999,139999,456,1,Chennai,Retail,Branch,2024-12-11 00:00:00,Yes,High,9734,78,7.3,1.39999,11666.583333333334,1932.583333333334,1.0
1915,100380,20,136822,136822,630,7,Pune,Corporate,Branch,2022-04-30 00:00:00,No,Medium,24760,132,1.7,1.36822,11401.833333333334,-13358.166666666666,1.0
1916,100188,30,139999,139999,336,12,Mumbai,Retail,Agent,2024-02-08 00:00:00,Yes,High,9484,90,3.3,1.39999,11666.583333333334,2182.583333333334,1.0
1917,100764,63,102231,102231,585,0,Hyderabad,SME,Branch,2022-09-28 00:00:00,No,Medium,47970,29,8.7,1.02231,8519.25,-39450.75,1.0
1918,100217,69,186779,186779,602,4,Mumbai,Retail,Online,2021-08-06 00:00:00,Yes,Medium,7266,32,9.2,1.86779,15564.916666666666,8298.916666666666,1.0
1919,100792,36,207573,207573,422,8,Hyderabad,Premium,Mobile,2021-01-12 00:00:00,No,High,47701,15,2.6,2.07573,17297.75,-30403.25,1.0
1920,101077,66,129131,129131,383,1,Delhi,Premium,Online,2022-07-04 00:00:00,Yes,High,15151,11,9.2,1.29131,10760.916666666666,-4390.083333333334,1.0
1921,100879,53,35699,35699,541,0,,Premium,Online,2023-05-02 00:00:00,No,High,10522,146,4.4,0.35699,2974.9166666666665,-7547.083333333334,1.0
1922,100338,65,123818,123818,405,7,Mumbai,Premium,Mobile,2025-02-02 00:00:00,No,High,47421,24,4.3,1.23818,10318.166666666666,-37102.833333333336,1.0
1923,101773,52,196790,196790,371,9,Pune,SME,Agent,2022-06-26 00:00:00,No,High,11229,50,8.6,1.9679,16399.166666666668,5170.166666666668,1.0
1924,100720,31,84189,84189,453,9,pune,value,Online,2025-03-13 00:00:00,Yes,High,25411,97,7.5,0.84189,7015.75,-18395.25,1.0
1925,101749,37,241823,241823,466,4,Mumbai,Retail,Online,2022-08-28 00:00:00,Yes,High,37644,7,6.5,2.41823,20151.916666666668,-17492.083333333332,1.0
1926,100296,20,139999,139999,442,0,Mumbai,Premium,Mobile,2024-04-20 00:00:00,No,High,30475,11,9.6,1.39999,11666.583333333334,-18808.416666666664,1.0
1927,101726,46,205488,205488,783,5,Delhi,Premium,Online,not_a_date,Yes,Low,30184,27,2.1,2.05488,17124.0,-13060.0,1.0
1928,101017,47,48312,48312,695,7,Mumbai,Premium,Online,2022-02-11 00:00:00,Yes,High,37063,76,3.5,0.48312,4026.0,-33037.0,1.0
1929,101276,61,33706,33706,570,8,Mumbai,Premium,Agent,2022-08-20 00:00:00,Yes,Low,41641,14,1.1,0.33706,2808.8333333333335,-38832.166666666664,1.0
1930,101751,52,246373,246373,528,12,Bangalore,SME,Agent,2025-11-18 00:00:00,Yes,High,4929,11,3.8,2.46373,20531.083333333332,15602.083333333332,1.0
1931,101486,71,128302,128302,755,0,bangalore,Premium,Branch,2022-08-03 00:00:00,Yes,Low,45521,46,9.5,1.28302,10691.833333333334,-34829.166666666664,1.0
1932,100456,43,86367,86367,801,13,Pune,Corporate,Branch,2022-02-23 00:00:00,Yes,Low,9458,43,3.4,0.86367,7197.25,-2260.75,1.0
1933,101610,50,121334,121334,480,7,Bangalore,value,Branch,2021-10-26 00:00:00,No,High,15829,93,5.5,1.21334,10111.166666666666,-5717.833333333334,1.0
1934,100816,74,97240,97240,453,10,delhi,SME,Mobile,2023-08-10 00:00:00,Yes,High,30694,124,4.3,0.9724,8103.333333333333,-22590.666666666668,1.0
1935,101887,30,117493,117493,836,13,,SME,Agent,2022-03-19 00:00:00,Yes,Low,3497,136,7.3,1.17493,9791.083333333334,6294.083333333334,1.0
1936,100270,72,199480,199480,701,15,Hyderabad,SME,Mobile,2023-05-17 00:00:00,Yes,Low,3199,102,5.5,1.9948,16623.333333333332,13424.333333333332,1.0
1937,100996,55,202404,202404,496,10,Delhi,Retail,Online,2023-01-26 00:00:00,Yes,High,17135,77,5.8,2.02404,16867.0,-268.0,1.0
1938,100202,61,51385,51385,513,7,Chennai,Premium,Agent,2021-08-17 00:00:00,No,High,1263,77,8.7,0.51385,4282.083333333333,3019.083333333333,1.0
1939,100162,72,162612,162612,666,1,Chennai,value,Online,,,Medium,11091,40,9.2,1.62612,13551.0,2460.0,1.0
1940,101580,54,121111,121111,558,2,Delhi,SME,Online,2021-05-21 00:00:00,Yes,Medium,20233,37,4.7,1.21111,10092.583333333334,-10140.416666666666,1.0
1941,100730,29,190140,190140,654,4,Chennai,SME,Online,2022-09-15 00:00:00,Yes,Medium,9595,71,8.7,1.9014,15845.0,6250.0,1.0
1942,100402,50,56585,56585,678,3,Delhi,Retail,Branch,2025-02-05 00:00:00,No,Medium,14612,55,4.7,0.56585,4715.416666666667,-9896.583333333332,1.0
1943,100703,34,204785,204785,372,10,Pune,Corporate,Online,2026-01-18 00:00:00,Yes,High,14970,93,7.7,2.04785,17065.416666666668,2095.416666666668,1.0
1944,101501,67,30347,30347,693,8,Pune,Corporate,Agent,2024-02-05 00:00:00,No,Medium,14206,43,5.595907928388747,0.30347,2528.9166666666665,-11677.083333333334,1.0
1945,101846,35,59518,59518,661,11,Pune,Retail,Branch,2023-06-28 00:00:00,,Medium,28353,126,5.2,0.59518,4959.833333333333,-23393.166666666668,1.0
1946,101796,41,246823,246823,742,3,Hyderabad,SME,Agent,,Yes,Low,4354,29,1.2,2.46823,20568.583333333332,16214.583333333332,1.0
1947,101130,32,85920,85920,520,7,Kolkata,Premium,Mobile,2021-02-05 00:00:00,Yes,High,4648,96,8.5,0.8592,7160.0,2512.0,1.0
1948,100566,46,75138,75138,570,9,Pune,Retail,Mobile,2023-05-31 00:00:00,No,High,39716,81,6.7,0.75138,6261.5,-33454.5,1.0
1949,101414,42,139999,139999,650,8,Mumbai,Premium,Mobile,2024-07-04 00:00:00,No,Medium,23826,106,4.2,1.39999,11666.583333333334,-12159.416666666666,1.0
1950,101022,27,224900,224900,400,5,Pune,SME,Online,2024-07-08 00:00:00,Yes,High,9036,91,5.9,2.249,18741.666666666668,9705.666666666668,1.0
1951,101026,22,171494,171494,362,11,Hyderabad,Premium,Mobile,2025-05-02 00:00:00,Yes,High,27205,146,5.8,1.71494,14291.166666666666,-12913.833333333334,1.0
1952,101412,57,46621,46621,523,5,Bangalore,SME,Branch,2025-03-30 00:00:00,Yes,High,30640,57,3.0,0.46621,3885.0833333333335,-26754.916666666668,1.0
1953,101896,46,131108,131108,631,9,Pune,SME,Mobile,2024-05-05 00:00:00,Yes,Medium,33170,14,1.7,1.31108,10925.666666666666,-22244.333333333336,1.0
1954,101586,25,213398,213398,301,2,Kolkata,Premium,Mobile,2022-04-11 00:00:00,Yes,High,48167,1,4.2,2.13398,17783.166666666668,-30383.833333333332,1.0
1955,101105,31,139999,139999,530,12,Bangalore,SME,Branch,2022-07-27 00:00:00,Yes,High,36369,64,3.1,1.39999,11666.583333333334,-24702.416666666664,1.0
1956,100206,28,110530,110530,364,4,Pune,Retail,Branch,2023-07-19 00:00:00,Yes,High,11703,30,6.2,1.1053,9210.833333333334,-2492.166666666666,1.0
1957,100035,66,110956,110956,656,14,Pune,Premium,Agent,2024-04-21 00:00:00,Yes,High,24646,1,3.0,1.10956,9246.333333333334,-15399.666666666666,1.0
1958,100776,55,32421,32421,575,0,Pune,Corporate,Agent,2021-05-30 00:00:00,,Medium,2480,68,8.6,0.32421,2701.75,221.75,1.0
1959,100509,54,242285,242285,583,11,Kolkata,Corporate,Branch,2021-08-25 00:00:00,Yes,Medium,16606,20,5.9,2.42285,20190.416666666668,3584.416666666668,1.0
1960,101452,74,158168,158168,488,10,Mumbai,Premium,Branch,2025-01-07 00:00:00,Yes,High,37212,9,3.7,1.58168,13180.666666666666,-24031.333333333336,1.0
1961,101479,44,236869,236869,448,14,bangalore,Retail,Online,2023-04-30 00:00:00,Yes,High,10993,130,4.8,2.36869,19739.083333333332,8746.083333333332,1.0
1962,100057,31,239696,239696,677,2,Bangalore,value,Branch,2022-12-06 00:00:00,YES,Medium,47955,115,7.7,2.39696,19974.666666666668,-27980.333333333332,1.0
1963,101391,53,177889,177889,524,8,Mumbai,SME,Online,2021-06-30 00:00:00,No,High,24044,144,5.595907928388747,1.77889,14824.083333333334,-9219.916666666666,1.0
1964,100092,48,100713,100713,334,10,Kolkata,Retail,Branch,2022-07-24 00:00:00,Yes,High,17389,129,2.1,1.00713,8392.75,-8996.25,1.0
1965,101364,22,94122,94122,715,0,delhi,value,Branch,2024-04-13 00:00:00,Yes,Low,24718,52,2.8,0.94122,7843.5,-16874.5,1.0
1966,100898,64,198757,198757,479,4,Mumbai,Retail,Mobile,,No,High,35934,139,2.9,1.98757,16563.083333333332,-19370.916666666668,1.0
1967,100565,39,135448,135448,842,0,Hyderabad,Retail,Mobile,2021-10-31 00:00:00,Yes,Low,5506,56,7.0,1.35448,11287.333333333334,5781.333333333334,1.0
1968,101370,48,31643,31643,694,14,Kolkata,Premium,Branch,2023-08-21 00:00:00,Yes,Medium,24646,93,7.6,0.31643,2636.9166666666665,-22009.083333333332,1.0
1969,100777,36,243008,243008,482,12,Pune,Corporate,Branch,2023-07-22 00:00:00,Yes,High,24646,21,2.0,2.43008,20250.666666666668,-4395.333333333332,1.0
1970,100242,69,74268,74268,548,2,Kolkata,Corporate,Branch,2025-12-05 00:00:00,Yes,High,17127,107,5.5,0.74268,6189.0,-10938.0,1.0
1971,100014,41,152015,152015,788,3,Hyderabad,Corporate,Mobile,2024-01-22 00:00:00,NO,Low,38953,48,5.7,1.52015,12667.916666666666,-26285.083333333336,1.0
1972,100316,47,150150,150150,463,12,Hyderabad,value,Mobile,2024-01-10 00:00:00,No,High,36377,85,9.9,1.5015,12512.5,-23864.5,1.0
1973,100601,22,29114,29114,301,11,Pune,Retail,Mobile,2022-01-03 00:00:00,Yes,High,20833,97,2.6,0.29114,2426.1666666666665,-18406.833333333332,1.0
1974,100388,39,234411,234411,488,5,Hyderabad,Premium,Online,2026-01-23 00:00:00,No,High,20888,114,4.1,2.34411,19534.25,-1353.75,1.0
1975,101298,38,219018,219018,675,0,Bangalore,Premium,Online,2021-08-24 00:00:00,Yes,Medium,43038,91,3.9,2.19018,18251.5,-24786.5,1.0
1976,100167,32,100932,100932,413,5,Chennai,SME,Online,2023-11-10 00:00:00,Yes,High,28869,76,6.8,1.00932,8411.0,-20458.0,1.0
1977,100841,35,217035,217035,311,10,Delhi,SME,Online,2022-06-15 00:00:00,No,High,18126,7,7.2,2.17035,18086.25,-39.75,1.0
1978,100021,70,130595,130595,521,11,Chennai,Corporate,Mobile,2022-03-24 00:00:00,Yes,High,4344,124,4.5,1.30595,10882.916666666666,6538.916666666666,1.0
1979,100647,63,46636,46636,309,5,Bangalore,Corporate,Agent,2023-11-10 00:00:00,Yes,High,43762,44,3.9,0.46636,3886.3333333333335,-39875.666666666664,1.0
1980,101843,69,179455,179455,448,13,Delhi,Premium,Online,2024-11-14 00:00:00,No,High,48460,125,3.4,1.79455,14954.583333333334,-33505.416666666664,1.0
1981,101509,37,72299,72299,392,14,Delhi,Retail,Mobile,2024-11-29 00:00:00,Yes,High,23499,7,2.3,0.72299,6024.916666666667,-17474.083333333332,1.0
1982,101155,53,129797,129797,576,2,Delhi,SME,Agent,2022-04-18 00:00:00,Yes,Medium,17571,99,6.2,1.29797,10816.416666666666,-6754.583333333334,1.0
1983,101529,46,53228,53228,372,15,Bangalore,Corporate,Mobile,2024-08-28 00:00:00,Yes,High,35008,41,9.4,0.53228,4435.666666666667,-30572.333333333332,1.0
1984,100832,71,175273,175273,815,2,Hyderabad,Retail,Agent,2026-02-01 00:00:00,Yes,Low,24457,98,8.5,1.75273,14606.083333333334,-9850.916666666666,1.0
1985,101268,41,45567,45567,749,0,Mumbai,Premium,Mobile,2021-06-03 00:00:00,Yes,Low,13238,74,8.0,0.45567,3797.25,-9440.75,1.0
1986,101591,31,173066,173066,632,3,Pune,SME,Agent,2025-04-07 00:00:00,Yes,Medium,25849,49,6.6,1.73066,14422.166666666666,-11426.833333333334,1.0
1987,101900,61,88095,88095,767,9,Mumbai,Corporate,Mobile,2021-10-24 00:00:00,Yes,Low,32149,63,1.4,0.88095,7341.25,-24807.75,1.0
1988,100563,56,61487,61487,798,0,Mumbai,Retail,Online,2024-04-07 00:00:00,No,Low,3246,51,2.4,0.61487,5123.916666666667,1877.916666666667,1.0
1989,101992,52,30410,30410,572,9,Hyderabad,Retail,Branch,2025-12-03 00:00:00,YES,Medium,42638,94,4.9,0.3041,2534.1666666666665,-40103.833333333336,1.0
1990,100687,47,198724,198724,429,7,Kolkata,Corporate,Online,2025-02-28 00:00:00,Yes,High,3302,47,1.1,1.98724,16560.333333333332,13258.333333333332,1.0
1991,100958,18,48429,48429,696,15,Kolkata,Corporate,Agent,2022-07-24 00:00:00,Yes,Medium,7840,18,1.6,0.48429,4035.75,-3804.25,1.0
1992,100190,24,188268,188268,426,11,Bangalore,Premium,Mobile,2021-01-24 00:00:00,Yes,High,41726,135,5.9,1.88268,15689.0,-26037.0,1.0
1993,101807,25,134869,134869,751,10,Chennai,Retail,Agent,2024-08-22 00:00:00,Yes,Low,41215,25,1.1,1.34869,11239.083333333334,-29975.916666666664,1.0
1994,100976,71,53179,53179,536,0,Kolkata,Retail,Mobile,2021-03-24 00:00:00,Yes,High,20887,23,8.8,0.53179,4431.583333333333,-16455.416666666668,1.0
1995,100700,52,111365,111365,400,11,Bangalore,Retail,Agent,2025-10-03 00:00:00,Yes,High,22496,92,6.3,1.11365,9280.416666666666,-13215.583333333334,1.0
1996,101500,45,121044,121044,570,5,Delhi,SME,Agent,2022-11-12 00:00:00,Yes,Medium,4399,140,8.0,1.21044,10087.0,5688.0,1.0
1997,101706,74,81481,81481,330,14,Mumbai,Corporate,Branch,2025-04-21 00:00:00,,High,4448,91,7.1,0.81481,6790.083333333333,2342.083333333333,1.0
1998,100511,47,184476,184476,404,14,Kolkata,Retail,Mobile,2021-08-08 00:00:00,Yes,High,31217,62,8.1,1.84476,15373.0,-15844.0,1.0
1999,101083,43,97930,97930,336,8,Mumbai,SME,Branch,2022-07-26 00:00:00,No,High,43219,131,1.3,0.9793,8160.833333333333,-35058.166666666664,1.0
2000,100475,24,133856,133856,572,9,Chennai,SME,Agent,2021-07-24 00:00:00,Yes,Medium,46346,114,9.4,1.33856,11154.666666666666,-35191.333333333336,1.0
2001,101585,64,99071,99071,475,2,Chennai,SME,Branch,,Yes,High,24646,42,3.3,0.99071,8255.916666666666,-16390.083333333336,1.0
2002,100857,29,106437,106437,776,3,Pune,Retail,Branch,,,Low,45497,13,1.3,1.06437,8869.75,-36627.25,1.0
2003,100748,22,163299,163299,635,7,Hyderabad,Premium,Agent,2025-06-19 00:00:00,Yes,Medium,18639,140,3.7,1.63299,13608.25,-5030.75,1.0
2004,100253,19,151446,151446,334,7,Delhi,Corporate,Branch,2025-02-07 00:00:00,Yes,High,32917,143,5.7,1.51446,12620.5,-20296.5,1.0
2005,100022,19,139999,139999,829,2,Delhi,Corporate,Mobile,2022-04-22 00:00:00,No,Low,46535,141,9.7,1.39999,11666.583333333334,-34868.416666666664,1.0
2006,101338,24,34596,34596,695,1,Chennai,Premium,Agent,2022-05-28 00:00:00,No,Medium,973,112,1.0,0.34596,2883.0,1910.0,1.0
2007,100460,26,208305,208305,691,12,pune,Retail,Mobile,2022-05-04 00:00:00,Yes,Medium,8332,65,3.6,2.08305,17358.75,9026.75,1.0
2008,101185,21,213785,213785,765,5,Hyderabad,Retail,Online,2021-01-29 00:00:00,Yes,Low,48016,76,4.0,2.13785,17815.416666666668,-30200.583333333332,1.0
2009,100277,41,73787,73787,790,8,Pune,Corporate,Mobile,2024-12-31 00:00:00,,Low,559,147,7.1,0.73787,6148.916666666667,5589.916666666667,1.0
2010,100956,30,191370,191370,570,10,Chennai,SME,Agent,2025-12-07 00:00:00,No,High,24646,146,2.5,1.9137,15947.5,-8698.5,1.0
2011,101216,74,130432,130432,732,4,Chennai,SME,Mobile,2021-05-14 00:00:00,Yes,Low,26730,48,4.7,1.30432,10869.333333333334,-15860.666666666666,1.0
2012,100386,39,99131,99131,374,5,Mumbai,SME,Branch,2025-11-06 00:00:00,Yes,High,24646,99,1.5,0.99131,8260.916666666666,-16385.083333333336,1.0
2013,100806,75,229451,229451,491,14,Bangalore,SME,Mobile,2023-08-10 00:00:00,Yes,High,14091,21,6.8,2.29451,19120.916666666668,5029.916666666668,1.0
2014,101438,57,108820,108820,746,15,kolkata,Corporate,Branch,2021-01-29 00:00:00,Yes,Low,14902,76,2.0,1.0882,9068.333333333334,-5833.666666666666,1.0
2015,101516,18,163999,163999,804,11,Mumbai,Retail,Agent,2023-04-22 00:00:00,Yes,High,4786,111,5.1,1.63999,13666.583333333334,8880.583333333334,1.0
2016,100344,73,171385,171385,570,10,Delhi,SME,Agent,,No,Medium,4228,9,5.595907928388747,1.71385,14282.083333333334,10054.083333333334,1.0
2017,100770,44,48711,48711,504,7,Bangalore,Premium,Online,2021-04-05 00:00:00,Yes,High,29315,61,5.7,0.48711,4059.25,-25255.75,1.0
2018,101333,56,210413,210413,406,14,Kolkata,Premium,Online,2025-12-27 00:00:00,Yes,High,38452,36,1.8,2.10413,17534.416666666668,-20917.583333333332,1.0
2019,101686,34,139999,139999,331,11,Pune,Premium,Mobile,2025-03-07 00:00:00,No,High,34113,61,1.6,1.39999,11666.583333333334,-22446.416666666664,1.0
2020,100131,59,45953,45953,470,11,Kolkata,Corporate,Agent,2025-07-07 00:00:00,Yes,High,28921,96,1.4,0.45953,3829.4166666666665,-25091.583333333332,1.0
2021,101688,47,36205,36205,841,15,Hyderabad,Retail,Agent,2025-09-02 00:00:00,Yes,Low,21752,34,1.7,0.36205,3017.0833333333335,-18734.916666666668,1.0
2022,100872,25,146237,146237,545,2,Delhi,value,Agent,2022-03-15 00:00:00,Yes,High,3787,24,8.4,1.46237,12186.416666666666,8399.416666666666,1.0
2023,101124,62,55111,55111,595,7,Mumbai,SME,Agent,2023-09-03 00:00:00,No,Medium,23166,78,8.8,0.55111,4592.583333333333,-18573.416666666668,1.0
2024,101397,37,237652,237652,763,1,chennai,Premium,Branch,2023-04-08 00:00:00,Yes,Low,32318,122,9.9,2.37652,19804.333333333332,-12513.666666666668,1.0
2025,100088,51,214004,214004,686,6,Pune,Premium,Branch,2022-04-22 00:00:00,Yes,Medium,39764,85,4.9,2.14004,17833.666666666668,-21930.333333333332,1.0
2026,101483,47,117573,117573,657,2,Pune,value,Branch,2022-07-02 00:00:00,Yes,Medium,39559,7,1.9,1.17573,9797.75,-29761.25,1.0
2027,100331,54,123511,123511,388,5,Pune,Premium,Mobile,2024-09-11 00:00:00,No,High,24646,48,6.7,1.23511,10292.583333333334,-14353.416666666666,1.0
2028,101239,31,125500,125500,846,11,Delhi,Corporate,Agent,2022-04-08 00:00:00,Yes,Low,22161,102,8.5,1.255,10458.333333333334,-11702.666666666666,1.0
2029,100467,47,101619,101619,392,3,Bangalore,Retail,Mobile,2023-07-26 00:00:00,Yes,High,37316,100,7.3,1.01619,8468.25,-28847.75,1.0
2030,100122,41,201611,201611,507,15,Bangalore,SME,Agent,2024-11-03 00:00:00,Yes,High,18815,58,7.2,2.01611,16800.916666666668,-2014.0833333333321,1.0
2031,101639,61,128850,128850,840,9,Kolkata,SME,Mobile,2026-01-15 00:00:00,Yes,Low,34300,83,5.0,1.2885,10737.5,-23562.5,1.0
2032,101045,33,88037,88037,449,8,Mumbai,Premium,Mobile,2022-11-30 00:00:00,Yes,High,24646,147,9.7,0.88037,7336.416666666667,-17309.583333333332,1.0
2033,101725,43,122756,122756,487,8,Pune,value,Mobile,2021-07-04 00:00:00,No,High,10165,14,6.4,1.22756,10229.666666666666,64.66666666666606,1.0
2034,101096,18,189232,189232,306,10,hyderabad,SME,Mobile,2025-09-10 00:00:00,No,High,27227,85,5.9,1.89232,15769.333333333334,-11457.666666666666,1.0
2035,101131,42,88530,88530,677,12,Hyderabad,Retail,Agent,2021-07-10 00:00:00,No,Medium,8455,119,8.6,0.8853,7377.5,-1077.5,1.0
2036,101295,31,205738,205738,392,8,Mumbai,Corporate,Agent,2025-07-05 00:00:00,Yes,High,34087,134,2.6,2.05738,17144.833333333332,-16942.166666666668,1.0
2037,100861,25,211994,211994,737,8,Kolkata,Retail,Online,2022-10-17 00:00:00,Yes,Low,26518,87,1.3,2.11994,17666.166666666668,-8851.833333333332,1.0
2038,101460,64,30105,30105,794,8,Bangalore,Retail,Agent,2023-08-26 00:00:00,No,Low,20943,107,9.3,0.30105,2508.75,-18434.25,1.0
2039,101127,55,248332,248332,783,6,Chennai,Retail,Branch,,Yes,Low,48511,119,3.1,2.48332,20694.333333333332,-27816.666666666668,1.0
